"artcarved_exchange","db.opt
wp_commentmeta.frm
wp_comments.frm
wp_easy_gallery.MYD
wp_easy_gallery.MYI
wp_easy_gallery.frm
wp_easy_gallery_images.MYD
wp_easy_gallery_images.MYI
wp_easy_gallery_images.frm
wp_links.frm
wp_options.frm
wp_postmeta.frm
wp_posts.frm
wp_term_relationships.frm
wp_term_taxonomy.frm
wp_terms.frm
wp_uam_accessgroup_to_object.frm
wp_uam_accessgroups.frm
wp_usermeta.frm
wp_users.frm
wp_wpss_Answers.MYD
wp_wpss_Answers.MYI
wp_wpss_Answers.frm
wp_wpss_Fields.MYD
wp_wpss_Fields.MYI
wp_wpss_Fields.frm
wp_wpss_Questions.MYD
wp_wpss_Questions.MYI
wp_wpss_Questions.frm
wp_wpss_Quizzes.MYD
wp_wpss_Quizzes.MYI
wp_wpss_Quizzes.frm
wp_wpss_Routes.MYD
wp_wpss_Routes.MYI
wp_wpss_Routes.frm
wp_wpss_results.MYD
wp_wpss_results.MYI
wp_wpss_results.frm
wp_wpstorecart_av.frm
wp_wpstorecart_categories.frm
wp_wpstorecart_coupons.frm
wp_wpstorecart_log.frm
wp_wpstorecart_meta.frm
wp_wpstorecart_orders.frm
wp_wpstorecart_products.frm"
"test",""
"mysql","columns_priv.MYD
columns_priv.MYI
columns_priv.frm
db.MYD
db.MYI
db.frm
event.MYD
event.MYI
event.frm
func.MYD
func.MYI
func.frm
general_log.CSM
general_log.CSV
general_log.frm
help_category.MYD
help_category.MYI
help_category.frm
help_keyword.MYD
help_keyword.MYI
help_keyword.frm
help_relation.MYD
help_relation.MYI
help_relation.frm
help_topic.MYD
help_topic.MYI
help_topic.frm
host.MYD
host.MYI
host.frm
ndb_binlog_index.MYD
ndb_binlog_index.MYI
ndb_binlog_index.frm
plugin.MYD
plugin.MYI
plugin.frm
proc.MYD
proc.MYI
proc.frm
procs_priv.MYD
procs_priv.MYI
procs_priv.frm
servers.MYD
servers.MYI
servers.frm
slow_log.CSM
slow_log.CSV
slow_log.frm
tables_priv.MYD
tables_priv.MYI
tables_priv.frm
time_zone.MYD
time_zone.MYI
time_zone.frm
time_zone_leap_second.MYD
time_zone_leap_second.MYI
time_zone_leap_second.frm
time_zone_name.MYD
time_zone_name.MYI
time_zone_name.frm
time_zone_transition.MYD
time_zone_transition.MYI
time_zone_transition.frm
time_zone_transition_type.MYD
time_zone_transition_type.MYI
time_zone_transition_type.frm
user.MYD
user.MYI
user.frm"
