"mysql","columns_priv.MYD
columns_priv.MYI
columns_priv.frm
db.MYD
db.MYI
db.frm
engine_cost.frm
engine_cost.ibd
event.MYD
event.MYI
event.frm
func.MYD
func.MYI
func.frm
general_log.CSM
general_log.CSV
general_log.frm
gtid_executed.frm
gtid_executed.ibd
help_category.frm
help_category.ibd
help_keyword.frm
help_keyword.ibd
help_relation.frm
help_relation.ibd
help_topic.frm
help_topic.ibd
host.MYD
host.MYI
host.frm
innodb_index_stats.frm
innodb_index_stats.ibd
innodb_table_stats.frm
innodb_table_stats.ibd
ndb_binlog_index.MYD
ndb_binlog_index.MYI
ndb_binlog_index.frm
plugin.frm
plugin.ibd
proc.MYD
proc.MYI
proc.frm
procs_priv.MYD
procs_priv.MYI
procs_priv.frm
proxies_priv.MYD
proxies_priv.MYI
proxies_priv.frm
server_cost.frm
server_cost.ibd
servers.frm
servers.ibd
slave_master_info.frm
slave_master_info.ibd
slave_relay_log_info.frm
slave_relay_log_info.ibd
slave_worker_info.frm
slave_worker_info.ibd
slow_log.CSM
slow_log.CSV
slow_log.frm
tables_priv.MYD
tables_priv.MYI
tables_priv.frm
time_zone.frm
time_zone.ibd
time_zone_leap_second.frm
time_zone_leap_second.ibd
time_zone_name.frm
time_zone_name.ibd
time_zone_transition.frm
time_zone_transition.ibd
time_zone_transition_type.frm
time_zone_transition_type.ibd
user.MYD
user.MYI
user.frm"
"sys","db.opt
host_summary.frm
host_summary_by_file_io.frm
host_summary_by_file_io_type.frm
host_summary_by_stages.frm
host_summary_by_statement_latency.frm
host_summary_by_statement_type.frm
innodb_buffer_stats_by_schema.frm
innodb_buffer_stats_by_table.frm
innodb_lock_waits.frm
io_by_thread_by_latency.frm
io_global_by_file_by_bytes.frm
io_global_by_file_by_latency.frm
io_global_by_wait_by_bytes.frm
io_global_by_wait_by_latency.frm
latest_file_io.frm
memory_by_host_by_current_bytes.frm
memory_by_thread_by_current_bytes.frm
memory_by_user_by_current_bytes.frm
memory_global_by_current_bytes.frm
memory_global_total.frm
metrics.frm
processlist.frm
ps_check_lost_instrumentation.frm
schema_auto_increment_columns.frm
schema_index_statistics.frm
schema_object_overview.frm
schema_redundant_indexes.frm
schema_table_lock_waits.frm
schema_table_statistics.frm
schema_table_statistics_with_buffer.frm
schema_tables_with_full_table_scans.frm
schema_unused_indexes.frm
session.frm
session_ssl_status.frm
statement_analysis.frm
statements_with_errors_or_warnings.frm
statements_with_full_table_scans.frm
statements_with_runtimes_in_95th_percentile.frm
statements_with_sorting.frm
statements_with_temp_tables.frm
sys_config.TRG
sys_config.frm
sys_config.ibd
sys_config_insert_set_user.TRN
sys_config_update_set_user.TRN
user_summary.frm
user_summary_by_file_io.frm
user_summary_by_file_io_type.frm
user_summary_by_stages.frm
user_summary_by_statement_latency.frm
user_summary_by_statement_type.frm
version.frm
wait_classes_global_by_avg_latency.frm
wait_classes_global_by_latency.frm
waits_by_host_by_latency.frm
waits_by_user_by_latency.frm
waits_global_by_latency.frm
x@0024host_summary.frm
x@0024host_summary_by_file_io.frm
x@0024host_summary_by_file_io_type.frm
x@0024host_summary_by_stages.frm
x@0024host_summary_by_statement_latency.frm
x@0024host_summary_by_statement_type.frm
x@0024innodb_buffer_stats_by_schema.frm
x@0024innodb_buffer_stats_by_table.frm
x@0024innodb_lock_waits.frm
x@0024io_by_thread_by_latency.frm
x@0024io_global_by_file_by_bytes.frm
x@0024io_global_by_file_by_latency.frm
x@0024io_global_by_wait_by_bytes.frm
x@0024io_global_by_wait_by_latency.frm
x@0024latest_file_io.frm
x@0024memory_by_host_by_current_bytes.frm
x@0024memory_by_thread_by_current_bytes.frm
x@0024memory_by_user_by_current_bytes.frm
x@0024memory_global_by_current_bytes.frm
x@0024memory_global_total.frm
x@0024processlist.frm
x@0024ps_digest_95th_percentile_by_avg_us.frm
x@0024ps_digest_avg_latency_distribution.frm
x@0024ps_schema_table_statistics_io.frm
x@0024schema_flattened_keys.frm
x@0024schema_index_statistics.frm
x@0024schema_table_lock_waits.frm
x@0024schema_table_statistics.frm
x@0024schema_table_statistics_with_buffer.frm
x@0024schema_tables_with_full_table_scans.frm
x@0024session.frm
x@0024statement_analysis.frm
x@0024statements_with_errors_or_warnings.frm
x@0024statements_with_full_table_scans.frm
x@0024statements_with_runtimes_in_95th_percentile.frm
x@0024statements_with_sorting.frm
x@0024statements_with_temp_tables.frm
x@0024user_summary.frm
x@0024user_summary_by_file_io.frm
x@0024user_summary_by_file_io_type.frm
x@0024user_summary_by_stages.frm
x@0024user_summary_by_statement_latency.frm
x@0024user_summary_by_statement_type.frm
x@0024wait_classes_global_by_avg_latency.frm
x@0024wait_classes_global_by_latency.frm
x@0024waits_by_host_by_latency.frm
x@0024waits_by_user_by_latency.frm
x@0024waits_global_by_latency.frm"
"performance_schema","accounts.frm
cond_instances.frm
db.opt
events_stages_current.frm
events_stages_history.frm
events_stages_history_long.frm
events_stages_summary_by_account_by_event_name.frm
events_stages_summary_by_host_by_event_name.frm
events_stages_summary_by_thread_by_event_name.frm
events_stages_summary_by_user_by_event_name.frm
events_stages_summary_global_by_event_name.frm
events_statements_current.frm
events_statements_history.frm
events_statements_history_long.frm
events_statements_summary_by_account_by_event_name.frm
events_statements_summary_by_digest.frm
events_statements_summary_by_host_by_event_name.frm
events_statements_summary_by_program.frm
events_statements_summary_by_thread_by_event_name.frm
events_statements_summary_by_user_by_event_name.frm
events_statements_summary_global_by_event_name.frm
events_transactions_current.frm
events_transactions_history.frm
events_transactions_history_long.frm
events_transactions_summary_by_account_by_event_name.frm
events_transactions_summary_by_host_by_event_name.frm
events_transactions_summary_by_thread_by_event_name.frm
events_transactions_summary_by_user_by_event_name.frm
events_transactions_summary_global_by_event_name.frm
events_waits_current.frm
events_waits_history.frm
events_waits_history_long.frm
events_waits_summary_by_account_by_event_name.frm
events_waits_summary_by_host_by_event_name.frm
events_waits_summary_by_instance.frm
events_waits_summary_by_thread_by_event_name.frm
events_waits_summary_by_user_by_event_name.frm
events_waits_summary_global_by_event_name.frm
file_instances.frm
file_summary_by_event_name.frm
file_summary_by_instance.frm
global_status.frm
global_variables.frm
host_cache.frm
hosts.frm
memory_summary_by_account_by_event_name.frm
memory_summary_by_host_by_event_name.frm
memory_summary_by_thread_by_event_name.frm
memory_summary_by_user_by_event_name.frm
memory_summary_global_by_event_name.frm
metadata_locks.frm
mutex_instances.frm
objects_summary_global_by_type.frm
performance_timers.frm
prepared_statements_instances.frm
replication_applier_configuration.frm
replication_applier_status.frm
replication_applier_status_by_coordinator.frm
replication_applier_status_by_worker.frm
replication_connection_configuration.frm
replication_connection_status.frm
replication_group_member_stats.frm
replication_group_members.frm
rwlock_instances.frm
session_account_connect_attrs.frm
session_connect_attrs.frm
session_status.frm
session_variables.frm
setup_actors.frm
setup_consumers.frm
setup_instruments.frm
setup_objects.frm
setup_timers.frm
socket_instances.frm
socket_summary_by_event_name.frm
socket_summary_by_instance.frm
status_by_account.frm
status_by_host.frm
status_by_thread.frm
status_by_user.frm
table_handles.frm
table_io_waits_summary_by_index_usage.frm
table_io_waits_summary_by_table.frm
table_lock_waits_summary_by_table.frm
threads.frm
user_variables_by_thread.frm
users.frm
variables_by_thread.frm"
"stash","AO_02A6C0_REJECTED_REF.frm
AO_02A6C0_REJECTED_REF.ibd
AO_02A6C0_SYNC_CONFIG.frm
AO_02A6C0_SYNC_CONFIG.ibd
AO_0E97B5_REPOSITORY_SHORTCUT.frm
AO_0E97B5_REPOSITORY_SHORTCUT.ibd
AO_2A8940_REPO_COMMIT_ALLOWED.frm
AO_38321B_CUSTOM_CONTENT_LINK.frm
AO_38F373_COMMENT_LIKE.frm
AO_4251DD_ACHIEVEMENT.frm
AO_4251DD_ACHIEVEMENT.ibd
AO_4251DD_AO_COUNT.frm
AO_4251DD_AO_NOTIFICATION.frm
AO_4251DD_AO_NOTIFICATION.ibd
AO_4251DD_STASH_USER_META_DATA.frm
AO_4F04F4_WHCONFIG.frm
AO_4F04F4_WHCONFIG.ibd
AO_58E6CE_HIPCHAT_NOTIFICATION.frm
AO_58E6CE_HIPCHAT_NOTIFICATION.ibd
AO_5FB9D7_AOHIP_CHAT_LINK.frm
AO_5FB9D7_AOHIP_CHAT_LINK.ibd
AO_5FB9D7_AOHIP_CHAT_USER.frm
AO_5FB9D7_AOHIP_CHAT_USER.ibd
AO_616D7B_BRANCH_MODEL.frm
AO_616D7B_BRANCH_MODEL.ibd
AO_616D7B_BRANCH_MODEL_CONFIG.frm
AO_616D7B_BRANCH_MODEL_CONFIG.ibd
AO_616D7B_BRANCH_TYPE.frm
AO_616D7B_BRANCH_TYPE.ibd
AO_616D7B_BRANCH_TYPE_CONFIG.frm
AO_616D7B_BRANCH_TYPE_CONFIG.ibd
AO_616D7B_SCOPE_AUTO_MERGE.frm
AO_616D7B_SCOPE_AUTO_MERGE.ibd
AO_6978BB_PERMITTED_ENTITY.frm
AO_6978BB_PERMITTED_ENTITY.ibd
AO_6978BB_RESTRICTED_REF.frm
AO_6978BB_RESTRICTED_REF.ibd
AO_777666_JIRA_INDEX.frm
AO_777666_JIRA_INDEX.ibd
AO_7845CF_FAVOURITES.frm
AO_7845CF_PROJECT_WATCH.frm
AO_7845CF_SETTINGS.frm
AO_7845CF_WATCH.frm
AO_7845CF_WATCH_BRANCH.frm
AO_7845CF_WATCH_BRANCH.ibd
AO_7845CF_WATCH_SETTING.frm
AO_7845CF_WATCH_SETTING.ibd
AO_811463_GIT_LFS_REPO_CONFIG.frm
AO_811463_GIT_LFS_REPO_CONFIG.ibd
AO_8E6075_MIRRORING_REQUEST.frm
AO_8E6075_MIRRORING_REQUEST.ibd
AO_8E6075_MIRROR_SERVER.frm
AO_8E6075_MIRROR_SERVER.ibd
AO_92D5D5_USER_NOTIFICATION.frm
AO_92D5D5_USER_NOTIFICATION.ibd
AO_9DEC2A_DEFAULT_REVIEWER.frm
AO_9DEC2A_DEFAULT_REVIEWER.ibd
AO_9DEC2A_PR_CONDITION.frm
AO_9DEC2A_PR_CONDITION.ibd
AO_A0B856_WEB_HOOK_LISTENER_AO.frm
AO_A0B856_WEB_HOOK_LISTENER_AO.ibd
AO_B586BC_GPG_KEY.frm
AO_B586BC_GPG_KEY.ibd
AO_B586BC_GPG_SUB_KEY.frm
AO_B586BC_GPG_SUB_KEY.ibd
AO_BD73C3_PROJECT_AUDIT.frm
AO_BD73C3_PROJECT_AUDIT.ibd
AO_BD73C3_REPOSITORY_AUDIT.frm
AO_BD73C3_REPOSITORY_AUDIT.ibd
AO_CFE8FA_BUILD_STATUS.frm
AO_CFE8FA_BUILD_STATUS.ibd
AO_D6A508_IMPORT_JOB.frm
AO_D6A508_IMPORT_JOB.ibd
AO_D6A508_REPO_IMPORT_TASK.frm
AO_D6A508_REPO_IMPORT_TASK.ibd
AO_DCF3B4_PULL_REQUEST_RULES.frm
AO_DCF3B4_STORY_FLOW_CONFIG.frm
AO_ED669C_SEEN_ASSERTIONS.frm
AO_ED669C_SEEN_ASSERTIONS.ibd
AO_F4ED3A_ADD_ON_PROPERTY_AO.frm
AO_F4ED3A_ADD_ON_PROPERTY_AO.ibd
AO_FB71B4_SSH_PUBLIC_KEY.frm
AO_FB71B4_SSH_PUBLIC_KEY.ibd
DATABASECHANGELOG.frm
DATABASECHANGELOG.ibd
DATABASECHANGELOGLOCK.frm
DATABASECHANGELOGLOCK.ibd
app_property.frm
bb_clusteredjob.frm
bb_clusteredjob.ibd
bb_cmt_disc_comment_activity.frm
bb_cmt_disc_comment_activity.ibd
bb_comment.frm
bb_comment.ibd
bb_comment_parent.frm
bb_comment_parent.ibd
bb_comment_thread.frm
bb_comment_thread.ibd
bb_integrity_event.frm
bb_integrity_event.ibd
bb_pr_comment_activity.frm
bb_pr_comment_activity.ibd
bb_pr_part_status_weight.frm
bb_pr_part_status_weight.ibd
bb_pr_reviewer_added.frm
bb_pr_reviewer_added.ibd
bb_pr_reviewer_removed.frm
bb_pr_reviewer_removed.ibd
bb_pr_reviewer_upd_activity.frm
bb_pr_reviewer_upd_activity.ibd
bb_proj_merge_config.frm
bb_proj_merge_config.ibd
bb_proj_merge_strategy.frm
bb_proj_merge_strategy.ibd
bb_project_alias.frm
bb_project_alias.ibd
bb_repo_merge_config.frm
bb_repo_merge_config.ibd
bb_repo_merge_strategy.frm
bb_repo_merge_strategy.ibd
bb_repository_alias.frm
bb_repository_alias.ibd
bb_scm_merge_config.frm
bb_scm_merge_config.ibd
bb_scm_merge_strategy.frm
bb_scm_merge_strategy.ibd
bb_thread_root_comment.frm
bb_thread_root_comment.ibd
changeset.frm
changeset.ibd
cs_attribute.frm
cs_indexer_state.frm
cs_repo_membership.frm
current_app.frm
cwd_app_dir_group_mapping.frm
cwd_app_dir_mapping.frm
cwd_app_dir_operation.frm
cwd_application.frm
cwd_application.ibd
cwd_application_address.frm
cwd_application_alias.frm
cwd_application_attribute.frm
cwd_directory.frm
cwd_directory.ibd
cwd_directory_attribute.frm
cwd_directory_operation.frm
cwd_granted_perm.frm
cwd_granted_perm.ibd
cwd_group.frm
cwd_group.ibd
cwd_group_attribute.frm
cwd_membership.frm
cwd_membership.ibd
cwd_property.frm
cwd_tombstone.frm
cwd_tombstone.ibd
cwd_user.frm
cwd_user.ibd
cwd_user_attribute.frm
cwd_user_credential_record.frm
cwd_webhook.frm
cwd_webhook.ibd
db.opt
hibernate_unique_key.frm
hibernate_unique_key.ibd
id_sequence.frm
id_sequence.ibd
plugin_setting.frm
plugin_state.frm
project.frm
project.ibd
repository.frm
repository.ibd
repository_access.frm
sta_activity.frm
sta_activity.ibd
sta_cmt_disc_activity.frm
sta_cmt_disc_comment_activity.frm
sta_cmt_disc_comment_anchor.frm
sta_cmt_disc_comment_anchor.ibd
sta_cmt_disc_participant.frm
sta_cmt_discussion.frm
sta_comment.frm
sta_comment.ibd
sta_deleted_group.frm
sta_deleted_group.ibd
sta_diff_comment_anchor.frm
sta_drift_request.frm
sta_drift_request.ibd
sta_global_permission.frm
sta_normal_project.frm
sta_normal_user.frm
sta_normal_user.ibd
sta_permission_type.frm
sta_personal_project.frm
sta_pr_activity.frm
sta_pr_comment_activity.frm
sta_pr_diff_comment_anchor.frm
sta_pr_diff_comment_anchor.ibd
sta_pr_merge_activity.frm
sta_pr_participant.frm
sta_pr_participant.ibd
sta_pr_rescope_activity.frm
sta_pr_rescope_commit.frm
sta_pr_rescope_request.frm
sta_pr_rescope_request.ibd
sta_pr_rescope_request_change.frm
sta_pr_rescope_request_change.ibd
sta_project_permission.frm
sta_pull_request.frm
sta_pull_request.ibd
sta_remember_me_token.frm
sta_remember_me_token.ibd
sta_repo_activity.frm
sta_repo_hook.frm
sta_repo_origin.frm
sta_repo_origin.ibd
sta_repo_permission.frm
sta_repo_push_activity.frm
sta_repo_push_ref.frm
sta_repository_scoped_id.frm
sta_service_user.frm
sta_service_user.ibd
sta_shared_lob.frm
sta_task.frm
sta_task.ibd
sta_user_settings.frm
sta_watcher.frm
stash_user.frm
trusted_app.frm
trusted_app_restriction.frm"
