"Package","Install date"
"ConsoleKit-libs:0.4.1:3.el6:x86_64","Mon Oct 14 07:11:11 2013"
"ConsoleKit:0.4.1:3.el6:x86_64","Mon Oct 14 07:11:17 2013"
"MAKEDEV:3.24:6.el6:x86_64","Mon Oct 14 07:11:17 2013"
"PyYAML:3.10:3.el6:x86_64","Tue Apr  1 14:45:15 2014"
"SDL:1.2.14:3.el6:x86_64","Mon Oct 14 07:24:23 2013"
"TIVsm-API64:6.3.1:0:x86_64","Wed Apr 15 11:51:11 2015"
"TIVsm-BA:6.3.1:0:x86_64","Wed Apr 15 11:52:11 2015"
"abrt-addon-ccpp:2.0.8:16.el6.centos.1:x86_64","Mon Oct 14 07:22:46 2013"
"abrt-addon-kerneloops:2.0.8:16.el6.centos.1:x86_64","Mon Oct 14 07:22:46 2013"
"abrt-addon-python:2.0.8:16.el6.centos.1:x86_64","Mon Oct 14 07:22:46 2013"
"abrt-cli:2.0.8:16.el6.centos.1:x86_64","Mon Oct 14 07:24:09 2013"
"abrt-libs:2.0.8:16.el6.centos.1:x86_64","Mon Oct 14 07:22:43 2013"
"abrt-tui:2.0.8:16.el6.centos.1:x86_64","Mon Oct 14 07:22:46 2013"
"abrt:2.0.8:16.el6.centos.1:x86_64","Mon Oct 14 07:22:43 2013"
"acl:2.2.49:6.el6:x86_64","Mon Oct 14 07:10:55 2013"
"acpid:1.0.10:2.1.el6:x86_64","Mon Oct 14 07:12:40 2013"
"aic94xx-firmware:30:2.el6:noarch","Mon Oct 14 07:12:39 2013"
"alsa-lib:1.0.22:3.el6:x86_64","Mon Oct 14 07:11:02 2013"
"alsa-utils:1.0.22:5.el6:x86_64","Mon Oct 14 07:24:23 2013"
"apache-tomcat-apis:0.1:1.el6:noarch","Fri Jun 23 14:23:59 2017"
"apr-util-ldap:1.3.9:3.el6_0.1:x86_64","Thu Nov 14 20:36:17 2013"
"apr-util:1.3.9:3.el6_0.1:x86_64","Mon Nov  4 10:46:13 2013"
"apr:1.3.9:5.el6_2:x86_64","Mon Nov  4 10:46:11 2013"
"at:3.1.10:43.el6_2.1:x86_64","Mon Oct 14 07:22:41 2013"
"atk:1.28.0:2.el6:x86_64","Mon Oct 14 07:10:50 2013"
"atlas:3.8.4:2.el6:x86_64","Mon Oct 14 07:22:27 2013"
"atmel-firmware:1.3:7.el6:noarch","Mon Oct 14 07:12:59 2013"
"attr:2.4.44:7.el6:x86_64","Mon Oct 14 07:12:58 2013"
"audit-libs:2.2:2.el6:x86_64","Mon Oct 14 07:22:12 2013"
"audit:2.2:2.el6:x86_64","Mon Oct 14 07:24:14 2013"
"augeas-libs:0.9.0:4.el6:x86_64","Mon Oct 14 07:22:49 2013"
"authconfig:6.1.12:13.el6:x86_64","Mon Oct 14 07:22:37 2013"
"autoconf:2.63:5.1.el6:noarch","Mon Nov  4 10:46:11 2013"
"autofs:5.0.5:75.el6_4:x86_64","Mon Oct 14 07:23:04 2013"
"automake:1.11.1:4.el6:noarch","Mon Nov  4 10:46:11 2013"
"avahi-libs:0.6.25:12.el6:x86_64","Mon Oct 14 07:22:21 2013"
"axis:1.2.1:7.5.el6_5:noarch","Fri Jun 23 14:23:53 2017"
"b43-fwcutter:012:2.2.el6:x86_64","Mon Oct 14 07:12:59 2013"
"b43-openfwwf:5.2:4.el6:noarch","Mon Oct 14 07:12:39 2013"
"basesystem:10.0:4.el6:noarch","Mon Oct 14 07:10:34 2013"
"bash:4.1.2:15.el6_4:x86_64","Mon Oct 14 07:21:59 2013"
"bc:1.06.95:1.el6:x86_64","Mon Oct 14 07:10:55 2013"
"bcel:5.2:7.2.el6:x86_64","Fri Jun 23 14:23:52 2017"
"bfa-firmware:3.0.3.1:1.el6:noarch","Mon Oct 14 07:24:07 2013"
"bind-libs:9.8.2:0.17.rc1.el6_4.6:x86_64","Mon Oct 14 07:22:40 2013"
"bind-utils:9.8.2:0.17.rc1.el6_4.6:x86_64","Mon Oct 14 07:22:40 2013"
"binutils:2.20.51.0.2:5.36.el6:x86_64","Mon Oct 14 07:22:20 2013"
"biosdevname:0.4.1:3.el6:x86_64","Mon Oct 14 07:24:06 2013"
"bison:2.4.1:5.el6:x86_64","Mon Nov  4 10:46:38 2013"
"blktrace:1.0.1:6.el6:x86_64","Mon Oct 14 07:11:30 2013"
"boost-date-time:1.41.0:17.el6_4:x86_64","Mon Oct 14 07:22:26 2013"
"boost-filesystem:1.41.0:17.el6_4:x86_64","Mon Oct 14 07:22:20 2013"
"boost-graph:1.41.0:17.el6_4:x86_64","Mon Oct 14 07:22:29 2013"
"boost-iostreams:1.41.0:17.el6_4:x86_64","Mon Oct 14 07:22:49 2013"
"boost-program-options:1.41.0:17.el6_4:x86_64","Mon Oct 14 07:22:18 2013"
"boost-python:1.41.0:17.el6_4:x86_64","Mon Oct 14 07:22:39 2013"
"boost-regex:1.41.0:17.el6_4:x86_64","Mon Oct 14 07:22:25 2013"
"boost-serialization:1.41.0:17.el6_4:x86_64","Mon Oct 14 07:22:30 2013"
"boost-signals:1.41.0:17.el6_4:x86_64","Mon Oct 14 07:22:30 2013"
"boost-system:1.41.0:17.el6_4:x86_64","Mon Oct 14 07:22:20 2013"
"boost-test:1.41.0:17.el6_4:x86_64","Mon Oct 14 07:22:49 2013"
"boost-thread:1.41.0:17.el6_4:x86_64","Mon Oct 14 07:22:25 2013"
"boost-wave:1.41.0:17.el6_4:x86_64","Mon Oct 14 07:22:29 2013"
"boost:1.41.0:17.el6_4:x86_64","Mon Oct 14 07:24:09 2013"
"bridge-utils:1.2:10.el6:x86_64","Mon Oct 14 07:24:23 2013"
"btparser:0.17:1.el6:x86_64","Mon Oct 14 07:22:18 2013"
"busybox:1.15.1:16.el6_4:x86_64","Mon Oct 14 07:21:55 2013"
"byacc:1.9.20070509:7.el6:x86_64","Mon Nov  4 10:46:37 2013"
"bzip2-libs:1.0.5:7.el6_0:x86_64","Mon Oct 14 07:10:45 2013"
"bzip2:1.0.5:7.el6_0:x86_64","Mon Oct 14 07:10:48 2013"
"c-ares:1.7.0:6.el6:x86_64","Mon Oct 14 07:23:12 2013"
"ca-certificates:2010.63:3.el6_1.5:noarch","Mon Oct 14 07:10:34 2013"
"cairo:1.8.8:3.1.el6:x86_64","Mon Oct 14 07:11:38 2013"
"cas:0.15:1.el6.1:noarch","Mon Oct 14 07:12:46 2013"
"ccs:0.16.2:63.el6:x86_64","Mon Oct 14 07:24:13 2013"
"cdparanoia-libs:10.2:5.1.el6:x86_64","Mon Oct 14 07:11:24 2013"
"centos-indexhtml:6:1.el6.centos:noarch","Mon Oct 14 07:13:02 2013"
"centos-release:6:4.el6.centos.10:x86_64","Mon Oct 14 07:21:57 2013"
"certmonger:0.61:3.el6:x86_64","Mon Oct 14 07:23:10 2013"
"checkpolicy:2.0.22:1.el6:x86_64","Mon Oct 14 07:10:55 2013"
"chkconfig:1.3.49.3:2.el6_4.1:x86_64","Mon Oct 14 07:22:11 2013"
"cifs-utils:4.8.1:18.el6:x86_64","Mon Oct 14 07:24:05 2013"
"classpathx-jaf:1.0:15.4.el6:x86_64","Fri Jun 23 14:23:47 2017"
"classpathx-mail:1.1.1:9.4.el6:noarch","Fri Jun 23 14:23:48 2017"
"cloog-ppl:0.15.7:1.2.el6:x86_64","Mon Nov  4 10:46:15 2013"
"clusterlib:3.0.12.1:49.el6_4.2:x86_64","Mon Oct 14 07:22:44 2013"
"cman:3.0.12.1:49.el6_4.2:x86_64","Mon Oct 14 07:23:05 2013"
"compat-readline5:5.2:17.1.el6:x86_64","Mon Oct 14 07:11:25 2013"
"coreutils-libs:8.4:19.el6_4.2:x86_64","Mon Oct 14 07:22:30 2013"
"coreutils:8.4:19.el6_4.2:x86_64","Mon Oct 14 07:22:31 2013"
"corosync:1.4.1:15.el6_4.1:x86_64","Mon Oct 14 07:22:44 2013"
"corosynclib:1.4.1:15.el6_4.1:x86_64","Mon Oct 14 07:22:44 2013"
"cpio:2.10:11.el6_3:x86_64","Mon Oct 14 07:22:20 2013"
"cpp:4.4.7:3.el6:x86_64","Mon Nov  4 10:46:13 2013"
"cpuspeed:1.5:20.el6_4:x86_64","Mon Oct 14 07:24:07 2013"
"cracklib-dicts:2.8.16:4.el6:x86_64","Mon Oct 14 07:10:57 2013"
"cracklib:2.8.16:4.el6:x86_64","Mon Oct 14 07:10:57 2013"
"crash-trace-command:1.0:4.el6:x86_64","Mon Oct 14 07:24:24 2013"
"crash:6.1.0:1.el6:x86_64","Mon Oct 14 07:24:15 2013"
"crda:1.1.1_2010.11.22:1.el6:x86_64","Mon Oct 14 07:12:01 2013"
"cryptsetup-luks-libs:1.2.0:7.el6:x86_64","Mon Oct 14 07:23:05 2013"
"cryptsetup-luks:1.2.0:7.el6:x86_64","Mon Oct 14 07:24:05 2013"
"cscope:15.6:6.el6:x86_64","Mon Nov  4 10:46:38 2013"
"ctags:5.8:2.el6:x86_64","Mon Nov  4 10:46:38 2013"
"cups-libs:1.4.2:50.el6_4.5:x86_64","Mon Oct 14 07:22:26 2013"
"cups:1.4.2:50.el6_4.5:x86_64","Mon Oct 14 07:23:07 2013"
"curl:7.19.7:37.el6_4:x86_64","Mon Oct 14 07:22:43 2013"
"cvs:1.11.23:15.el6:x86_64","Mon Oct 14 07:24:13 2013"
"cyrus-sasl-gssapi:2.1.23:13.el6_3.1:x86_64","Mon Oct 14 07:22:23 2013"
"cyrus-sasl-lib:2.1.23:13.el6_3.1:x86_64","Mon Oct 14 07:22:16 2013"
"cyrus-sasl-md5:2.1.23:13.el6_3.1:x86_64","Mon Oct 14 07:22:41 2013"
"cyrus-sasl-plain:2.1.23:13.el6_3.1:x86_64","Mon Oct 14 07:24:15 2013"
"cyrus-sasl:2.1.23:13.el6_3.1:x86_64","Mon Oct 14 07:22:55 2013"
"dash:0.5.5.1:4.el6:x86_64","Mon Oct 14 07:22:49 2013"
"db4-utils:4.7.25:18.el6_4:x86_64","Mon Oct 14 07:22:30 2013"
"db4:4.7.25:18.el6_4:x86_64","Mon Oct 14 07:22:12 2013"
"dbus-glib:0.86:6.el6:x86_64","Mon Oct 14 07:22:19 2013"
"dbus-libs:1.2.24:7.el6_3:x86_64","Mon Oct 14 07:22:12 2013"
"dbus-python:0.83.0:6.1.el6:x86_64","Mon Oct 14 07:11:30 2013"
"dbus:1.2.24:7.el6_3:x86_64","Mon Oct 14 07:22:18 2013"
"dejavu-fonts-common:2.33:1.el6:noarch","Fri Jun 23 14:23:27 2017"
"dejavu-lgc-sans-mono-fonts:2.33:1.el6:noarch","Fri Jun 23 14:23:29 2017"
"dejavu-sans-fonts:2.33:1.el6:noarch","Fri Jun 23 14:24:22 2017"
"dejavu-sans-mono-fonts:2.33:1.el6:noarch","Fri Jun 23 14:23:32 2017"
"desktop-file-utils:0.15:9.el6:x86_64","Mon Oct 14 07:11:17 2013"
"device-mapper-event-libs:1.02.77:9.el6_4.2:x86_64","Mon Nov  4 08:00:44 2013"
"device-mapper-event:1.02.77:9.el6_4.2:x86_64","Mon Nov  4 08:00:44 2013"
"device-mapper-libs:1.02.77:9.el6_4.2:x86_64","Mon Nov  4 08:00:40 2013"
"device-mapper-persistent-data:0.1.4:1.el6:x86_64","Mon Oct 14 07:22:29 2013"
"device-mapper:1.02.77:9.el6_4.2:x86_64","Mon Nov  4 08:00:43 2013"
"dhclient:4.1.1:34.P1.el6_4.1:x86_64","Mon Oct 14 07:24:07 2013"
"dhcp-common:4.1.1:34.P1.el6_4.1:x86_64","Mon Oct 14 07:21:55 2013"
"diffstat:1.51:2.el6:x86_64","Mon Nov  4 10:46:36 2013"
"diffutils:2.8.1:28.el6:x86_64","Mon Oct 14 07:10:55 2013"
"dmidecode:2.11:2.el6:x86_64","Mon Oct 14 07:11:06 2013"
"dmraid-events:1.0.0.rc16:11.el6:x86_64","Mon Oct 14 07:22:57 2013"
"dmraid:1.0.0.rc16:11.el6:x86_64","Mon Oct 14 07:22:57 2013"
"dosfstools:3.0.9:4.el6:x86_64","Mon Oct 14 07:12:58 2013"
"doxygen:1.6.1:6.el6:x86_64","Mon Nov  4 10:46:37 2013"
"dracut-kernel:004:303.el6:noarch","Mon Oct 14 07:22:59 2013"
"dracut:004:303.el6:noarch","Mon Oct 14 07:22:59 2013"
"dstat:0.7.0:1.el6:noarch","Mon Oct 14 07:12:47 2013"
"e2fsprogs-libs:1.41.12:23.el6:x86_64","Fri Jun 23 14:23:41 2017"
"e2fsprogs:1.41.12:23.el6:x86_64","Fri Jun 23 14:24:07 2017"
"ed:1.1:3.3.el6:x86_64","Mon Oct 14 07:11:19 2013"
"efibootmgr:0.5.4:10.el6:x86_64","Mon Oct 14 07:24:14 2013"
"eggdbus:0.6:3.el6:x86_64","Mon Oct 14 07:11:17 2013"
"eject:2.1.5:17.el6:x86_64","Mon Oct 14 07:12:59 2013"
"elfutils-libelf:0.152:1.el6:x86_64","Mon Oct 14 07:10:46 2013"
"elfutils-libs:0.152:1.el6:x86_64","Mon Oct 14 07:10:54 2013"
"elfutils:0.152:1.el6:x86_64","Mon Oct 14 07:11:15 2013"
"elinks:0.12:0.21.pre5.el6_3:x86_64","Mon Oct 14 07:24:10 2013"
"epel-release:6:8:noarch","Tue Apr  1 14:44:36 2014"
"ethtool:3.5:1.el6:x86_64","Mon Oct 14 07:22:53 2013"
"expat:2.0.1:11.el6_2:x86_64","Mon Oct 14 07:22:17 2013"
"fence-agents:3.1.5:25.el6_4.2:x86_64","Mon Oct 14 07:22:58 2013"
"fence-virt:0.2.3:13.el6:x86_64","Mon Oct 14 07:22:47 2013"
"file-libs:5.04:15.el6:x86_64","Mon Oct 14 07:22:19 2013"
"file:5.04:15.el6:x86_64","Mon Oct 14 07:22:19 2013"
"filesystem:2.4.30:3.el6:x86_64","Mon Oct 14 07:10:34 2013"
"findutils:4.4.2:6.el6:x86_64","Mon Oct 14 07:10:47 2013"
"fipscheck-lib:1.2.0:7.el6:x86_64","Mon Oct 14 07:11:10 2013"
"fipscheck:1.2.0:7.el6:x86_64","Mon Oct 14 07:11:10 2013"
"flac:1.2.1:6.1.el6:x86_64","Mon Oct 14 07:11:16 2013"
"flex:2.5.35:8.el6:x86_64","Mon Nov  4 10:46:38 2013"
"fontconfig:2.8.0:3.el6:x86_64","Mon Oct 14 07:10:59 2013"
"fontpackages-filesystem:1.41:1.1.el6:noarch","Mon Oct 14 07:10:36 2013"
"foomatic-db-filesystem:4.0:7.20091126.el6:noarch","Mon Oct 14 07:10:34 2013"
"foomatic-db-ppds:4.0:7.20091126.el6:noarch","Mon Oct 14 07:11:55 2013"
"foomatic-db:4.0:7.20091126.el6:noarch","Mon Oct 14 07:11:58 2013"
"foomatic:4.0.4:1.el6_1.1:x86_64","Mon Oct 14 07:11:58 2013"
"fprintd-pam:0.1:20.git04fd09cfa.el6:x86_64","Mon Oct 14 07:24:10 2013"
"fprintd:0.1:20.git04fd09cfa.el6:x86_64","Mon Oct 14 07:22:42 2013"
"freetype:2.3.11:14.el6_3.1:x86_64","Mon Oct 14 07:22:17 2013"
"gamin:0.1.10:9.el6:x86_64","Mon Oct 14 07:10:45 2013"
"gawk:3.1.7:10.el6:x86_64","Mon Oct 14 07:22:16 2013"
"gcc-c++:4.4.7:3.el6:x86_64","Mon Nov  4 10:46:34 2013"
"gcc-gfortran:4.4.7:3.el6:x86_64","Mon Nov  4 10:46:35 2013"
"gcc:4.4.7:3.el6:x86_64","Mon Nov  4 10:46:30 2013"
"gdb:7.2:60.el6_4.1:x86_64","Mon Oct 14 07:24:11 2013"
"gdbm:1.8.0:36.el6:x86_64","Mon Oct 14 07:10:50 2013"
"geronimo-specs-compat:1.0:3.5.M2.el6:noarch","Fri Jun 23 14:24:00 2017"
"geronimo-specs:1.0:3.5.M2.el6:noarch","Fri Jun 23 14:24:00 2017"
"gettext-devel:0.17:16.el6:x86_64","Mon Nov  4 10:46:28 2013"
"gettext-libs:0.17:16.el6:x86_64","Mon Nov  4 10:46:14 2013"
"gettext:0.17:16.el6:x86_64","Mon Oct 14 07:11:29 2013"
"gfs2-utils:3.0.12.1:49.el6_4.2:x86_64","Mon Oct 14 07:24:07 2013"
"ghostscript-fonts:5.50:23.1.el6:noarch","Mon Oct 14 07:11:12 2013"
"ghostscript:8.70:15.el6_4.1:x86_64","Mon Oct 14 07:23:16 2013"
"giflib:4.1.6:3.1.el6:x86_64","Mon Oct 14 07:11:40 2013"
"glib2-devel:2.28.8:9.el6:x86_64","Fri Jun 23 14:23:39 2017"
"glib2:2.28.8:9.el6:x86_64","Fri Jun 23 14:23:26 2017"
"glibc-common:2.12:1.149.el6_6.5:x86_64","Wed Apr 15 11:51:44 2015"
"glibc-devel:2.12:1.149.el6_6.5:x86_64","Wed Apr 15 11:52:11 2015"
"glibc-headers:2.12:1.149.el6_6.5:x86_64","Wed Apr 15 11:51:47 2015"
"glibc:2.12:1.149.el6_6.5:i686","Wed Apr 15 11:51:48 2015"
"glibc:2.12:1.149.el6_6.5:x86_64","Wed Apr 15 11:51:33 2015"
"gmp:4.3.1:7.el6_2.2:x86_64","Mon Oct 14 07:22:30 2013"
"gnupg2:2.0.14:6.el6_4:x86_64","Mon Nov  4 08:00:47 2013"
"gnutls-utils:2.8.5:10.el6_4.2:x86_64","Mon Oct 14 07:22:29 2013"
"gnutls:2.8.5:10.el6_4.2:x86_64","Mon Oct 14 07:22:26 2013"
"gpg-pubkey:0608b895:4bd22942:(none)","Tue Apr  1 14:45:09 2014"
"gpg-pubkey:5072e1f5:4e773e2a:(none)","Mon Jun 19 16:13:16 2017"
"gpg-pubkey:66fd4949:4803fe57:(none)","Mon Oct 14 07:17:39 2013"
"gpg-pubkey:c105b9de:4e0fd3a3:(none)","Mon Oct 14 07:17:58 2013"
"gpgme:1.1.8:3.el6:x86_64","Mon Oct 14 07:11:19 2013"
"gpm-libs:1.20.6:12.el6:x86_64","Mon Oct 14 07:11:26 2013"
"grep:2.6.3:3.el6:x86_64","Mon Oct 14 07:22:26 2013"
"groff:1.18.1.4:21.el6:x86_64","Mon Oct 14 07:10:57 2013"
"grub:0.97:81.el6:x86_64","Mon Oct 14 07:24:10 2013"
"grubby:7.0.15:3.el6:x86_64","Mon Oct 14 07:22:29 2013"
"gskcrypt64:8.0:14.14:x86_64","Wed Apr 15 11:50:14 2015"
"gskssl64:8.0:14.14:x86_64","Wed Apr 15 11:50:18 2015"
"gstreamer-plugins-base:0.10.29:2.el6:x86_64","Mon Oct 14 07:23:18 2013"
"gstreamer-tools:0.10.29:1.el6:x86_64","Mon Oct 14 07:11:16 2013"
"gstreamer:0.10.29:1.el6:x86_64","Mon Oct 14 07:11:16 2013"
"gtk2:2.18.9:12.el6:x86_64","Mon Oct 14 07:23:20 2013"
"gzip:1.3.12:19.el6_4:x86_64","Mon Oct 14 07:22:37 2013"
"hal-info:20090716:3.1.el6:noarch","Mon Oct 14 07:12:00 2013"
"hal-libs:0.5.14:11.el6:x86_64","Mon Oct 14 07:11:16 2013"
"hal:0.5.14:11.el6:x86_64","Mon Oct 14 07:12:00 2013"
"hdparm:9.16:3.4.el6:x86_64","Mon Oct 14 07:11:26 2013"
"hesiod:3.1.0:19.el6:x86_64","Mon Oct 14 07:11:26 2013"
"hicolor-icon-theme:0.11:1.1.el6:noarch","Mon Oct 14 07:11:12 2013"
"httpd-tools:2.2.15:29.el6.centos:x86_64","Thu Nov 14 20:36:18 2013"
"httpd:2.2.15:29.el6.centos:x86_64","Thu Nov 14 20:36:19 2013"
"hunspell-en:0.20090216:7.1.el6:noarch","Mon Oct 14 07:12:48 2013"
"hunspell:1.2.8:16.el6:x86_64","Mon Oct 14 07:11:20 2013"
"hwdata:0.233:7.9.el6:noarch","Mon Oct 14 07:22:37 2013"
"hwloc:1.5:1.el6:x86_64","Mon Oct 14 07:23:25 2013"
"indent:2.2.10:7.el6:x86_64","Mon Nov  4 10:46:36 2013"
"info:4.13a:8.el6:x86_64","Mon Oct 14 07:10:44 2013"
"initscripts:9.03.38:1.el6.centos.2:x86_64","Mon Oct 14 07:22:54 2013"
"intltool:0.41.0:1.1.el6:noarch","Mon Nov  4 10:46:35 2013"
"iotop:0.3.2:3.el6:noarch","Mon Oct 14 07:12:47 2013"
"ipa-client:3.0.0:26.el6_4.4:x86_64","Mon Oct 14 07:23:26 2013"
"ipa-python:3.0.0:26.el6_4.4:x86_64","Mon Oct 14 07:23:10 2013"
"ipmitool:1.8.11:14.el6_4.1:x86_64","Mon Oct 14 07:22:41 2013"
"iproute:2.6.32:23.el6:x86_64","Mon Oct 14 07:22:53 2013"
"iptables-ipv6:1.4.7:9.el6:x86_64","Mon Oct 14 07:24:09 2013"
"iptables:1.4.7:9.el6:x86_64","Mon Oct 14 07:22:53 2013"
"iputils:20071127:17.el6_4.2:x86_64","Mon Oct 14 07:22:53 2013"
"ipw2100-firmware:1.3:11.el6:noarch","Mon Oct 14 07:12:59 2013"
"ipw2200-firmware:3.1:4.el6:noarch","Mon Oct 14 07:13:00 2013"
"irqbalance:1.0.4:4.el6_4:x86_64","Mon Oct 14 07:24:06 2013"
"iso-codes:3.16:2.el6:noarch","Mon Oct 14 07:10:36 2013"
"ivtv-firmware:20080701:20.2:noarch","Mon Oct 14 07:12:59 2013"
"iw:0.9.17:4.el6:x86_64","Mon Oct 14 07:11:16 2013"
"iwl100-firmware:39.31.5.1:1.el6:noarch","Mon Oct 14 07:12:39 2013"
"iwl1000-firmware:39.31.5.1:1.el6:noarch","Mon Oct 14 07:12:40 2013"
"iwl3945-firmware:15.32.2.9:4.el6:noarch","Mon Oct 14 07:12:59 2013"
"iwl4965-firmware:228.61.2.24:2.1.el6:noarch","Mon Oct 14 07:12:59 2013"
"iwl5000-firmware:8.83.5.1_1:1.el6_1.1:noarch","Mon Oct 14 07:12:59 2013"
"iwl5150-firmware:8.24.2.2:1.el6:noarch","Mon Oct 14 07:12:39 2013"
"iwl6000-firmware:9.221.4.1:1.el6:noarch","Mon Oct 14 07:12:39 2013"
"iwl6000g2a-firmware:17.168.5.3:1.el6:noarch","Mon Oct 14 07:12:39 2013"
"iwl6000g2b-firmware:17.168.5.2:1.el6:noarch","Mon Oct 14 07:12:39 2013"
"iwl6050-firmware:41.28.5.1:2.el6:noarch","Mon Oct 14 07:12:39 2013"
"jakarta-commons-discovery:0.4:5.4.el6:noarch","Fri Jun 23 14:23:39 2017"
"jakarta-commons-httpclient:3.1:0.9.el6_5:x86_64","Fri Jun 23 14:23:49 2017"
"jakarta-commons-logging:1.0.4:10.el6:noarch","Fri Jun 23 14:23:27 2017"
"jasper-libs:1.900.1:15.el6_1.1:x86_64","Mon Oct 14 07:22:24 2013"
"java-1.5.0-gcj:1.5.0.0:29.1.el6:x86_64","Fri Jun 23 14:23:41 2017"
"java-1.6.0-openjdk:1.6.0.41:1.13.13.1.el6_8:x86_64","Fri Jun 23 14:23:23 2017"
"java_cup:0.10k:5.el6:x86_64","Fri Jun 23 14:23:46 2017"
"jline:0.9.94:0.8.el6:noarch","Mon Oct 14 07:11:12 2013"
"jpackage-utils:1.7.5:3.12.el6:noarch","Mon Oct 14 07:11:05 2013"
"jre:1.7.0_45:fcs:x86_64","Fri Oct 18 07:18:51 2013"
"kbd-misc:1.15:11.el6:noarch","Mon Oct 14 07:11:43 2013"
"kbd:1.15:11.el6:x86_64","Mon Oct 14 07:11:49 2013"
"kernel-devel:2.6.32:358.23.2.el6:x86_64","Mon Nov  4 10:46:23 2013"
"kernel-firmware:2.6.32:358.23.2.el6:noarch","Fri Oct 18 07:11:28 2013"
"kernel-headers:2.6.32:358.23.2.el6:x86_64","Mon Nov  4 10:46:28 2013"
"kernel:2.6.32:220.el6:x86_64","Mon Oct 14 07:12:10 2013"
"kernel:2.6.32:358.18.1.el6:x86_64","Mon Oct 14 07:23:03 2013"
"kernel:2.6.32:358.23.2.el6:x86_64","Fri Oct 18 07:11:43 2013"
"kexec-tools:2.0.0:258.el6_4.2:x86_64","Mon Oct 14 07:24:05 2013"
"keyutils-libs-devel:1.4:5.el6:x86_64","Fri Jun 23 14:23:41 2017"
"keyutils-libs:1.4:5.el6:x86_64","Fri Jun 23 14:23:10 2017"
"keyutils:1.4:5.el6:x86_64","Fri Jun 23 14:24:24 2017"
"kpartx:0.4.9:64.el6_4.2:x86_64","Mon Oct 14 07:22:56 2013"
"krb5-devel:1.10.3:65.el6:x86_64","Fri Jun 23 14:24:01 2017"
"krb5-libs:1.10.3:65.el6:x86_64","Fri Jun 23 14:23:11 2017"
"krb5-workstation:1.10.3:65.el6:x86_64","Fri Jun 23 14:24:21 2017"
"latencytop-common:0.5:9.el6:x86_64","Mon Oct 14 07:23:21 2013"
"latencytop:0.5:9.el6:x86_64","Mon Oct 14 07:23:21 2013"
"latrace:0.5.9:2.el6:x86_64","Mon Oct 14 07:12:59 2013"
"lcms-libs:1.19:1.el6:x86_64","Mon Oct 14 07:10:54 2013"
"less:436:10.el6:x86_64","Mon Oct 14 07:10:57 2013"
"libICE:1.0.6:1.el6:x86_64","Mon Oct 14 07:10:46 2013"
"libSM:1.2.1:2.el6:x86_64","Mon Oct 14 07:22:19 2013"
"libX11-common:1.5.0:4.el6:noarch","Mon Oct 14 07:23:13 2013"
"libX11:1.5.0:4.el6:x86_64","Mon Oct 14 07:23:13 2013"
"libXau:1.0.6:4.el6:x86_64","Mon Oct 14 07:22:50 2013"
"libXcomposite:0.4.3:4.el6:x86_64","Mon Oct 14 07:23:20 2013"
"libXcursor:1.1.13:2.el6:x86_64","Mon Oct 14 07:23:13 2013"
"libXdamage:1.1.3:4.el6:x86_64","Mon Oct 14 07:23:14 2013"
"libXext:1.3.1:2.el6:x86_64","Mon Oct 14 07:23:13 2013"
"libXfixes:5.0:3.el6:x86_64","Mon Oct 14 07:23:13 2013"
"libXfont:1.4.5:2.el6:x86_64","Mon Oct 14 07:24:15 2013"
"libXft:2.3.1:2.el6:x86_64","Mon Oct 14 07:23:14 2013"
"libXi:1.6.1:3.el6:x86_64","Mon Oct 14 07:23:13 2013"
"libXinerama:1.1.2:2.el6:x86_64","Mon Oct 14 07:23:14 2013"
"libXrandr:1.4.0:1.el6:x86_64","Mon Oct 14 07:23:14 2013"
"libXrender:0.9.7:2.el6:x86_64","Mon Oct 14 07:23:13 2013"
"libXt:1.1.3:1.el6:x86_64","Mon Oct 14 07:23:14 2013"
"libXtst:1.2.1:2.el6:x86_64","Mon Oct 14 07:23:13 2013"
"libXv:1.0.7:2.el6:x86_64","Mon Oct 14 07:23:18 2013"
"libXxf86vm:1.1.2:2.el6:x86_64","Mon Oct 14 07:23:16 2013"
"libacl:2.2.49:6.el6:x86_64","Mon Oct 14 07:10:44 2013"
"libaio:0.3.107:10.el6:x86_64","Mon Oct 14 07:11:25 2013"
"libart_lgpl:2.3.20:5.1.el6:x86_64","Mon Nov  4 10:46:25 2013"
"libasyncns:0.8:1.1.el6:x86_64","Mon Oct 14 07:11:26 2013"
"libattr:2.4.44:7.el6:x86_64","Mon Oct 14 07:10:43 2013"
"libblkid:2.17.2:12.9.el6_4.3:x86_64","Mon Oct 14 07:22:19 2013"
"libcap-ng:0.6.4:3.el6_0.1:x86_64","Mon Oct 14 07:10:48 2013"
"libcap:2.16:5.5.el6:x86_64","Mon Oct 14 07:10:43 2013"
"libcgroup:0.37:7.2.el6_4:x86_64","Mon Oct 14 07:24:07 2013"
"libcollection:0.6.0:9.el6:x86_64","Mon Oct 14 07:22:27 2013"
"libcom_err-devel:1.41.12:23.el6:x86_64","Fri Jun 23 14:23:41 2017"
"libcom_err:1.41.12:23.el6:x86_64","Fri Jun 23 14:23:09 2017"
"libcurl:7.19.7:37.el6_4:x86_64","Mon Oct 14 07:22:42 2013"
"libdhash:0.4.2:9.el6:x86_64","Mon Oct 14 07:22:50 2013"
"libdrm:2.4.39:1.el6:x86_64","Mon Oct 14 07:22:55 2013"
"libedit:2.11:4.20080712cvs.1.el6:x86_64","Mon Oct 14 07:11:06 2013"
"libertas-usb8388-firmware:5.110.22.p23:3.1.el6:noarch","Mon Oct 14 07:12:59 2013"
"libevent:1.4.13:4.el6:x86_64","Mon Oct 14 07:22:52 2013"
"libffi:3.0.5:3.2.el6:x86_64","Mon Oct 14 07:11:26 2013"
"libfontenc:1.0.5:2.el6:x86_64","Mon Oct 14 07:10:56 2013"
"libfprint:0.1.0:19.pre2.el6:x86_64","Mon Oct 14 07:11:42 2013"
"libgcc:4.4.7:3.el6:x86_64","Mon Oct 14 07:21:54 2013"
"libgcj:4.4.7:3.el6:x86_64","Mon Nov  4 10:46:28 2013"
"libgcrypt:1.4.5:11.el6_4:x86_64","Mon Nov  4 08:00:47 2013"
"libgfortran:4.4.7:3.el6:x86_64","Mon Oct 14 07:22:26 2013"
"libgomp:4.4.7:3.el6:x86_64","Mon Oct 14 07:24:23 2013"
"libgpg-error:1.7:4.el6:x86_64","Mon Oct 14 07:10:48 2013"
"libgssglue:0.1:11.el6:x86_64","Mon Oct 14 07:10:49 2013"
"libgudev1:147:2.46.el6:x86_64","Mon Oct 14 07:22:29 2013"
"libhugetlbfs-utils:2.12:2.el6:x86_64","Mon Oct 14 07:12:47 2013"
"libhugetlbfs:2.12:2.el6:x86_64","Mon Oct 14 07:11:20 2013"
"libibverbs:1.1.6:5.el6:x86_64","Mon Oct 14 07:22:27 2013"
"libicu:4.2.1:9.1.el6_2:x86_64","Mon Oct 14 07:22:25 2013"
"libidn:1.18:2.el6:x86_64","Mon Oct 14 07:10:48 2013"
"libini_config:0.6.1:9.el6:x86_64","Mon Oct 14 07:22:50 2013"
"libipa_hbac-python:1.9.2:82.10.el6_4:x86_64","Mon Oct 14 07:22:39 2013"
"libipa_hbac:1.9.2:82.10.el6_4:x86_64","Mon Oct 14 07:22:24 2013"
"libjpeg-turbo:1.2.1:1.el6:x86_64","Mon Oct 14 07:22:17 2013"
"libkadm5:1.10.3:65.el6:x86_64","Fri Jun 23 14:23:27 2017"
"libldb:1.1.13:3.el6:x86_64","Mon Oct 14 07:22:23 2013"
"libmng:1.0.10:4.1.el6:x86_64","Mon Oct 14 07:10:54 2013"
"libnih:1.0.1:7.el6:x86_64","Mon Oct 14 07:11:19 2013"
"libnl:1.1.4:1.el6_4:x86_64","Mon Oct 14 07:22:19 2013"
"libogg:1.1.4:2.1.el6:x86_64","Mon Oct 14 07:10:48 2013"
"liboil:0.3.16:4.1.el6:x86_64","Mon Oct 14 07:11:42 2013"
"libpath_utils:0.2.1:9.el6:x86_64","Mon Oct 14 07:22:50 2013"
"libpcap:1.0.0:6.20091201git117cb5.el6:x86_64","Mon Oct 14 07:11:06 2013"
"libpciaccess:0.13.1:2.el6:x86_64","Mon Oct 14 07:22:39 2013"
"libpng:1.2.49:1.el6_2:x86_64","Mon Oct 14 07:22:18 2013"
"libproxy-bin:0.3.0:4.el6_3:x86_64","Mon Oct 14 07:22:39 2013"
"libproxy-python:0.3.0:4.el6_3:x86_64","Mon Oct 14 07:22:39 2013"
"libproxy:0.3.0:4.el6_3:x86_64","Mon Oct 14 07:22:39 2013"
"librdmacm:1.0.17:0.git4b5c1aa.el6:x86_64","Mon Oct 14 07:22:27 2013"
"libref_array:0.1.1:9.el6:x86_64","Mon Oct 14 07:22:50 2013"
"libreport-cli:2.0.9:15.el6.centos.1:x86_64","Mon Oct 14 07:22:46 2013"
"libreport-compat:2.0.9:15.el6.centos.1:x86_64","Mon Oct 14 07:22:43 2013"
"libreport-plugin-kerneloops:2.0.9:15.el6.centos.1:x86_64","Mon Oct 14 07:22:46 2013"
"libreport-plugin-logger:2.0.9:15.el6.centos.1:x86_64","Mon Oct 14 07:22:46 2013"
"libreport-plugin-mailx:2.0.9:15.el6.centos.1:x86_64","Mon Oct 14 07:22:46 2013"
"libreport-plugin-reportuploader:2.0.9:15.el6.centos.1:x86_64","Mon Oct 14 07:22:42 2013"
"libreport-plugin-rhtsupport:2.0.9:15.el6.centos.1:x86_64","Mon Oct 14 07:22:43 2013"
"libreport-python:2.0.9:15.el6.centos.1:x86_64","Mon Oct 14 07:22:43 2013"
"libreport:2.0.9:15.el6.centos.1:x86_64","Mon Oct 14 07:22:43 2013"
"libselinux-devel:2.0.94:7.el6:x86_64","Fri Jun 23 14:24:00 2017"
"libselinux-utils:2.0.94:7.el6:x86_64","Fri Jun 23 14:24:24 2017"
"libselinux:2.0.94:7.el6:x86_64","Fri Jun 23 14:23:10 2017"
"libsemanage:2.0.43:4.2.el6:x86_64","Mon Oct 14 07:22:21 2013"
"libsepol-devel:2.0.41:4.el6:x86_64","Fri Jun 23 14:24:00 2017"
"libsepol:2.0.41:4.el6:x86_64","Mon Oct 14 07:10:45 2013"
"libsndfile:1.0.20:5.el6:x86_64","Mon Oct 14 07:11:16 2013"
"libss:1.41.12:23.el6:x86_64","Fri Jun 23 14:23:28 2017"
"libssh2:1.4.2:1.el6:x86_64","Mon Oct 14 07:22:37 2013"
"libsss_autofs:1.9.2:82.10.el6_4:x86_64","Mon Oct 14 07:22:50 2013"
"libsss_idmap:1.9.2:82.10.el6_4:x86_64","Mon Oct 14 07:22:50 2013"
"libstdc++-devel:4.4.7:3.el6:x86_64","Mon Nov  4 10:46:14 2013"
"libstdc++:4.4.7:3.el6:x86_64","Mon Oct 14 07:22:11 2013"
"libtalloc:2.0.7:2.el6:x86_64","Mon Oct 14 07:22:16 2013"
"libtar:1.2.11:17.el6_4.1:x86_64","Mon Oct 14 07:22:26 2013"
"libtasn1:2.3:3.el6_2.1:x86_64","Mon Oct 14 07:22:26 2013"
"libtdb:1.2.10:1.el6:x86_64","Mon Oct 14 07:22:17 2013"
"libtevent:0.9.18:1.el6_4:x86_64","Mon Oct 14 07:22:19 2013"
"libthai:0.1.12:3.el6:x86_64","Mon Oct 14 07:11:40 2013"
"libtheora:1.1.0:2.el6:x86_64","Mon Oct 14 07:10:54 2013"
"libtiff:3.9.4:9.el6_3:x86_64","Mon Oct 14 07:22:21 2013"
"libtirpc:0.2.1:6.el6_4:x86_64","Mon Oct 14 07:22:23 2013"
"libtool-ltdl:2.2.6:15.5.el6:x86_64","Fri Jun 23 14:23:28 2017"
"libtool:2.2.6:15.5.el6:x86_64","Mon Nov  4 10:46:35 2013"
"libtopology:0.3:7.el6:x86_64","Mon Oct 14 07:12:59 2013"
"libudev:147:2.46.el6:x86_64","Mon Oct 14 07:22:18 2013"
"libunistring:0.9.3:5.el6:x86_64","Mon Oct 14 07:24:23 2013"
"libusb1:1.0.9:0.6.rc1.el6:x86_64","Mon Oct 14 07:24:23 2013"
"libusb:0.1.12:23.el6:x86_64","Mon Oct 14 07:10:55 2013"
"libuser:0.56.13:5.el6:x86_64","Mon Oct 14 07:22:46 2013"
"libutempter:1.1.5:4.1.el6:x86_64","Mon Oct 14 07:11:17 2013"
"libuuid:2.17.2:12.9.el6_4.3:x86_64","Mon Oct 14 07:22:12 2013"
"libvirt-client:0.10.2:18.el6_4.14:x86_64","Mon Oct 14 07:22:58 2013"
"libvisual:0.4.0:9.1.el6:x86_64","Mon Oct 14 07:11:42 2013"
"libvorbis:1.2.3:4.el6_2.1:x86_64","Mon Oct 14 07:23:12 2013"
"libxcb:1.8.1:1.el6:x86_64","Mon Oct 14 07:22:50 2013"
"libxml2-python:2.7.6:12.el6_4.1:x86_64","Mon Oct 14 07:22:39 2013"
"libxml2:2.7.6:12.el6_4.1:x86_64","Mon Oct 14 07:22:11 2013"
"libxslt:1.1.26:2.el6_3.1:x86_64","Mon Oct 14 07:22:23 2013"
"libyaml:0.1.5:1.el6:x86_64","Tue Apr  1 14:45:14 2014"
"lm_sensors-libs:3.1.1:17.el6:x86_64","Mon Oct 14 07:22:27 2013"
"log4j:1.2.14:6.4.el6:x86_64","Fri Jun 23 14:23:48 2017"
"logrotate:3.7.8:16.el6:x86_64","Mon Oct 14 07:22:49 2013"
"lsof:4.82:4.el6:x86_64","Mon Oct 14 07:24:22 2013"
"ltrace:0.5:23.45svn.el6:x86_64","Mon Oct 14 07:24:23 2013"
"lua:5.1.4:4.1.el6:x86_64","Mon Oct 14 07:10:50 2013"
"lvm2-cluster:2.02.98:9.el6_4.2:x86_64","Mon Nov  4 08:01:28 2013"
"lvm2-libs:2.02.98:9.el6_4.2:x86_64","Mon Nov  4 08:00:44 2013"
"lvm2:2.02.98:9.el6_4.2:x86_64","Mon Nov  4 08:00:44 2013"
"m2crypto:0.20.2:9.el6:x86_64","Tue Apr  1 14:45:15 2014"
"m4:1.4.13:5.el6:x86_64","Mon Oct 14 07:10:55 2013"
"mailcap:2.1.31:2.el6:noarch","Mon Oct 14 07:10:36 2013"
"mailx:12.4:6.el6:x86_64","Mon Oct 14 07:11:11 2013"
"make:3.81:20.el6:x86_64","Mon Oct 14 07:22:50 2013"
"man-pages-overrides:6.4.1:1.el6:noarch","Mon Oct 14 07:24:09 2013"
"man-pages:3.22:20.el6:noarch","Mon Oct 14 07:24:27 2013"
"man:1.6f:32.el6:x86_64","Mon Oct 14 07:22:45 2013"
"matahari:0.6.0:19.el6:x86_64","Mon Oct 14 07:24:27 2013"
"mcelog:1.0pre3_20120814_2:0.6.el6:x86_64","Mon Oct 14 07:24:23 2013"
"mdadm:3.2.5:4.el6_4.3:x86_64","Mon Nov  4 08:01:29 2013"
"mesa-dri-drivers:9.0:0.8.el6_4.3:x86_64","Mon Oct 14 07:23:18 2013"
"mesa-dri-filesystem:9.0:0.8.el6_4.3:x86_64","Mon Oct 14 07:21:55 2013"
"mesa-dri1-drivers:7.11:8.el6:x86_64","Mon Oct 14 07:23:17 2013"
"mesa-libGL:9.0:0.8.el6_4.3:x86_64","Mon Oct 14 07:23:16 2013"
"mesa-libGLU:9.0:0.8.el6_4.3:x86_64","Mon Oct 14 07:23:18 2013"
"microcode_ctl:1.17:15.el6_4:x86_64","Mon Oct 14 07:24:09 2013"
"mingetty:1.08:5.el6:x86_64","Mon Oct 14 07:11:26 2013"
"mlocate:0.22.2:4.el6:x86_64","Mon Oct 14 07:24:14 2013"
"modcluster:0.16.2:20.el6:x86_64","Mon Oct 14 07:22:56 2013"
"module-init-tools:3.9:21.el6_4:x86_64","Mon Oct 14 07:22:36 2013"
"mpfr:2.4.1:6.el6:x86_64","Mon Nov  4 10:46:10 2013"
"mtr:0.75:5.el6:x86_64","Mon Oct 14 07:12:58 2013"
"mx4j:3.0.1:9.13.el6:noarch","Fri Jun 23 14:23:53 2017"
"mysql-community-client:5.7.18:1.el6:x86_64","Fri Jul  7 19:31:51 2017"
"mysql-community-common:5.7.18:1.el6:x86_64","Fri Jul  7 19:31:35 2017"
"mysql-community-devel:5.7.18:1.el6:x86_64","Fri Jul  7 19:31:39 2017"
"mysql-community-embedded-devel:5.7.18:1.el6:x86_64","Fri Jul  7 19:33:33 2017"
"mysql-community-embedded:5.7.18:1.el6:x86_64","Fri Jul  7 19:31:58 2017"
"mysql-community-libs-compat:5.5.56:2.el6:x86_64","Fri Jul  7 19:24:03 2017"
"mysql-community-libs:5.7.18:1.el6:x86_64","Fri Jul  7 19:31:36 2017"
"mysql-community-release:el6:5:noarch","Fri Jul  7 19:19:51 2017"
"mysql-community-server:5.7.18:1.el6:x86_64","Fri Jul  7 19:34:48 2017"
"mysql-community-test:5.5.56:2.el6:x86_64","Fri Jul  7 19:24:01 2017"
"mysql-connector-java:5.1.17:6.el6:noarch","Fri Jul  7 15:13:04 2017"
"mysql-connector-odbc:5.3.8:1.el6:x86_64","Fri Jul  7 19:24:05 2017"
"mysql-connector-python:2.1.6:1.el6:x86_64","Fri Jul  7 19:22:47 2017"
"mysql-mmm-agent:2.2.1:2.el6:noarch","Fri Jul  7 15:13:02 2017"
"mysql-mmm-monitor:2.2.1:2.el6:noarch","Fri Jul  7 15:13:03 2017"
"mysql-mmm-tools:2.2.1:2.el6:noarch","Fri Jul  7 15:13:02 2017"
"mysql-mmm:2.2.1:2.el6:noarch","Fri Jul  7 15:12:46 2017"
"mysql-proxy-devel:0.8.5:2.el6:x86_64","Fri Jul  7 15:12:52 2017"
"mysql-proxy:0.8.5:2.el6:x86_64","Fri Jul  7 15:12:50 2017"
"mysql-utilities:1.6.5:1.el6:noarch","Fri Jul  7 19:22:53 2017"
"nano:2.0.9:7.el6:x86_64","Mon Oct 14 07:12:58 2013"
"nc:1.84:22.el6:x86_64","Mon Oct 14 07:11:17 2013"
"ncurses-base:5.7:3.20090208.el6:x86_64","Mon Oct 14 07:10:36 2013"
"ncurses-libs:5.7:3.20090208.el6:x86_64","Mon Oct 14 07:10:43 2013"
"ncurses:5.7:3.20090208.el6:x86_64","Mon Oct 14 07:10:56 2013"
"neon:0.29.3:3.el6_4:x86_64","Mon Nov  4 10:46:33 2013"
"net-snmp-libs:5.5:44.el6_4.4:x86_64","Mon Oct 14 07:22:44 2013"
"net-snmp-utils:5.5:44.el6_4.4:x86_64","Mon Oct 14 07:22:46 2013"
"net-snmp:5.5:44.el6_4.4:x86_64","Mon Oct 14 07:24:08 2013"
"net-tools:1.60:110.el6_2:x86_64","Mon Oct 14 07:22:26 2013"
"netcf-libs:0.1.9:3.el6:x86_64","Mon Oct 14 07:24:09 2013"
"newt-python:0.52.11:3.el6:x86_64","Mon Oct 14 07:11:29 2013"
"newt:0.52.11:3.el6:x86_64","Mon Oct 14 07:11:06 2013"
"nfs-utils-lib:1.1.5:6.el6:x86_64","Mon Oct 14 07:22:56 2013"
"nfs-utils:1.2.3:36.el6:x86_64","Mon Oct 14 07:22:56 2013"
"nfs4-acl-tools:0.3.3:6.el6:x86_64","Mon Oct 14 07:24:24 2013"
"nmap:5.51:3.el6:x86_64","Thu Apr  3 10:08:54 2014"
"nspr:4.9.5:2.el6_4:x86_64","Mon Oct 14 07:22:12 2013"
"nss-softokn-freebl:3.14.3:22.el6_6:i686","Wed Apr 15 11:51:47 2015"
"nss-softokn-freebl:3.14.3:22.el6_6:x86_64","Wed Apr 15 11:51:32 2015"
"nss-softokn:3.14.3:3.el6_4:x86_64","Mon Oct 14 07:22:30 2013"
"nss-sysinit:3.14.3:4.el6_4:x86_64","Mon Oct 14 07:22:42 2013"
"nss-tools:3.14.3:4.el6_4:x86_64","Mon Oct 14 07:22:42 2013"
"nss-util:3.14.3:3.el6_4:x86_64","Mon Oct 14 07:22:12 2013"
"nss:3.14.3:4.el6_4:x86_64","Mon Oct 14 07:22:42 2013"
"nss_compat_ossl:0.9.6:1.el6:x86_64","Mon Oct 14 07:11:12 2013"
"ntp:4.2.6p5:5.el6.centos.2:x86_64","Thu Nov  5 06:50:59 2015"
"ntpdate:4.2.6p5:5.el6.centos.2:x86_64","Thu Nov  5 06:50:58 2015"
"ntsysv:1.3.49.3:2.el6_4.1:x86_64","Mon Oct 14 07:24:22 2013"
"numactl:2.0.7:6.el6:x86_64","Mon Oct 14 07:22:22 2013"
"numpy:1.4.1:9.el6:x86_64","Mon Oct 14 07:24:12 2013"
"oddjob-mkhomedir:0.30:5.el6:x86_64","Mon Oct 14 07:12:39 2013"
"oddjob:0.30:5.el6:x86_64","Mon Oct 14 07:11:46 2013"
"openais:1.1.1:7.el6:x86_64","Mon Oct 14 07:11:18 2013"
"openaislib:1.1.1:7.el6:x86_64","Mon Oct 14 07:11:18 2013"
"openjpeg-libs:1.3:9.el6_3:x86_64","Mon Oct 14 07:24:23 2013"
"openldap:2.4.23:32.el6_4.1:x86_64","Mon Oct 14 07:22:42 2013"
"openpgm:5.1.118:3.el6:x86_64","Tue Apr  1 14:45:17 2014"
"openssh-clients:5.3p1:84.1.el6:x86_64","Mon Oct 14 07:22:56 2013"
"openssh-server:5.3p1:84.1.el6:x86_64","Mon Oct 14 07:24:06 2013"
"openssh:5.3p1:84.1.el6:x86_64","Mon Oct 14 07:22:56 2013"
"openssl-devel:1.0.1e:57.el6:x86_64","Fri Jun 23 14:24:02 2017"
"openssl:1.0.1e:57.el6:x86_64","Fri Jun 23 14:23:25 2017"
"oprofile:0.9.7:1.el6:x86_64","Mon Oct 14 07:24:15 2013"
"pakchois:0.4:3.2.el6:x86_64","Mon Nov  4 10:46:33 2013"
"pam:1.1.1:13.el6:x86_64","Mon Oct 14 07:22:32 2013"
"pam_krb5:2.3.11:9.el6:x86_64","Mon Oct 14 07:11:11 2013"
"pam_passwdqc:1.0.5:6.el6:x86_64","Mon Oct 14 07:12:50 2013"
"pango:1.28.1:7.el6_3:x86_64","Mon Oct 14 07:23:14 2013"
"parted:2.1:19.el6:x86_64","Mon Oct 14 07:23:04 2013"
"passwd:0.77:4.el6_2.2:x86_64","Mon Oct 14 07:22:47 2013"
"patch:2.6:6.el6:x86_64","Mon Oct 14 07:11:17 2013"
"patchutils:0.3.1:3.1.el6:x86_64","Mon Nov  4 10:46:36 2013"
"pax:3.4:10.1.el6:x86_64","Mon Oct 14 07:11:26 2013"
"pciutils-libs:3.1.10:2.el6:x86_64","Mon Oct 14 07:22:21 2013"
"pciutils:3.1.10:2.el6:x86_64","Mon Oct 14 07:24:10 2013"
"pcmciautils:015:4.2.el6:x86_64","Mon Oct 14 07:12:17 2013"
"pcre:7.8:6.el6:x86_64","Mon Oct 14 07:22:26 2013"
"perf:2.6.32:358.23.2.el6:x86_64","Fri Oct 18 07:11:39 2013"
"perl-Algorithm-Diff:1.1902:9.el6:noarch","Fri Jun 23 14:23:28 2017"
"perl-Archive-Extract:0.38:131.el6_4:x86_64","Mon Oct 14 07:22:23 2013"
"perl-Archive-Tar:1.58:131.el6_4:x86_64","Mon Oct 14 07:22:23 2013"
"perl-CGI:3.51:131.el6_4:x86_64","Mon Oct 14 07:22:30 2013"
"perl-CPAN:1.9402:131.el6_4:x86_64","Mon Oct 14 07:22:29 2013"
"perl-CPANPLUS:0.88:131.el6_4:x86_64","Mon Oct 14 07:22:30 2013"
"perl-Class-Singleton:1.4:6.el6:noarch","Fri Jun 23 14:23:59 2017"
"perl-Compress-Raw-Bzip2:2.020:131.el6_4:x86_64","Mon Oct 14 07:22:24 2013"
"perl-Compress-Raw-Zlib:2.020:131.el6_4:x86_64","Mon Oct 14 07:22:21 2013"
"perl-Compress-Zlib:2.020:131.el6_4:x86_64","Mon Oct 14 07:22:23 2013"
"perl-Crypt-SSLeay:0.57:16.el6:x86_64","Mon Oct 14 07:12:50 2013"
"perl-DBD-MySQL:4.013:3.el6:x86_64","Fri Jul  7 15:12:46 2017"
"perl-DBD-SQLite:1.27:3.el6:x86_64","Mon Oct 14 07:11:15 2013"
"perl-DBI:1.609:4.el6:x86_64","Mon Oct 14 07:10:54 2013"
"perl-DBIx-Simple:1.32:3.el6:noarch","Mon Oct 14 07:11:15 2013"
"perl-Date-Manip:6.24:1.el6:noarch","Fri Jun 23 14:23:58 2017"
"perl-Digest-SHA:5.47:131.el6_4:x86_64","Mon Oct 14 07:22:24 2013"
"perl-Email-Date-Format:1.002:5.el6:noarch","Fri Jun 23 14:24:03 2017"
"perl-Error:0.17015:4.el6:noarch","Mon Nov  4 10:46:11 2013"
"perl-ExtUtils-CBuilder:0.27:131.el6_4:x86_64","Mon Oct 14 07:22:24 2013"
"perl-ExtUtils-Embed:1.28:131.el6_4:x86_64","Mon Oct 14 07:22:29 2013"
"perl-ExtUtils-MakeMaker:6.55:131.el6_4:x86_64","Mon Oct 14 07:22:18 2013"
"perl-ExtUtils-ParseXS:2.2003.0:131.el6_4:x86_64","Mon Oct 14 07:22:17 2013"
"perl-File-Fetch:0.26:131.el6_4:x86_64","Mon Oct 14 07:22:23 2013"
"perl-HTML-Parser:3.64:2.el6:x86_64","Mon Oct 14 07:11:15 2013"
"perl-HTML-Tagset:3.20:4.el6:noarch","Mon Oct 14 07:11:15 2013"
"perl-IO-Compress-Base:2.020:131.el6_4:x86_64","Mon Oct 14 07:22:20 2013"
"perl-IO-Compress-Bzip2:2.020:131.el6_4:x86_64","Mon Oct 14 07:22:29 2013"
"perl-IO-Compress-Zlib:2.020:131.el6_4:x86_64","Mon Oct 14 07:22:23 2013"
"perl-IO-Zlib:1.09:131.el6_4:x86_64","Mon Oct 14 07:22:23 2013"
"perl-IPC-Cmd:0.56:131.el6_4:x86_64","Mon Oct 14 07:22:19 2013"
"perl-Locale-Maketext-Simple:0.18:131.el6_4:x86_64","Mon Oct 14 07:22:16 2013"
"perl-Log-Dispatch-FileRotate:1.19:4.el6:noarch","Fri Jun 23 14:24:03 2017"
"perl-Log-Dispatch:2.27:1.el6:noarch","Fri Jun 23 14:24:03 2017"
"perl-Log-Log4perl:1.30:1.el6:noarch","Fri Jun 23 14:24:04 2017"
"perl-Log-Message-Simple:0.04:131.el6_4:x86_64","Mon Oct 14 07:22:23 2013"
"perl-Log-Message:0.02:131.el6_4:x86_64","Mon Oct 14 07:22:19 2013"
"perl-MIME-Lite:3.027:2.el6:noarch","Fri Jun 23 14:24:03 2017"
"perl-MIME-Types:1.28:2.el6:noarch","Fri Jun 23 14:23:53 2017"
"perl-Mail-Sender:0.8.16:3.el6:noarch","Fri Jun 23 14:24:03 2017"
"perl-Mail-Sendmail:0.79:12.el6:noarch","Fri Jun 23 14:23:53 2017"
"perl-MailTools:2.04:4.el6:noarch","Fri Jun 23 14:23:59 2017"
"perl-Module-Build:0.3500:131.el6_4:x86_64","Mon Oct 14 07:22:29 2013"
"perl-Module-CoreList:2.18:131.el6_4:x86_64","Mon Oct 14 07:22:24 2013"
"perl-Module-Load-Conditional:0.30:131.el6_4:x86_64","Mon Oct 14 07:22:19 2013"
"perl-Module-Load:0.16:131.el6_4:x86_64","Mon Oct 14 07:22:19 2013"
"perl-Module-Loaded:0.02:131.el6_4:x86_64","Mon Oct 14 07:22:24 2013"
"perl-Module-Pluggable:3.90:131.el6_4:x86_64","Mon Oct 14 07:22:12 2013"
"perl-Net-ARP:1.0.6:2.1.el6:x86_64","Fri Jun 23 14:23:54 2017"
"perl-Net-Telnet:3.03:11.el6:noarch","Mon Oct 14 07:11:15 2013"
"perl-Object-Accessor:0.34:131.el6_4:x86_64","Mon Oct 14 07:22:24 2013"
"perl-Package-Constants:0.02:131.el6_4:x86_64","Mon Oct 14 07:22:21 2013"
"perl-Params-Check:0.26:131.el6_4:x86_64","Mon Oct 14 07:22:17 2013"
"perl-Params-Validate:0.92:3.el6:x86_64","Fri Jun 23 14:23:28 2017"
"perl-Parse-CPAN-Meta:1.40:131.el6_4:x86_64","Mon Oct 14 07:22:29 2013"
"perl-Path-Class:0.25:1.el6:noarch","Fri Jun 23 14:24:00 2017"
"perl-Pod-Escapes:1.04:131.el6_4:x86_64","Mon Oct 14 07:22:12 2013"
"perl-Pod-Simple:3.13:131.el6_4:x86_64","Mon Oct 14 07:22:12 2013"
"perl-Proc-Daemon:0.19:1.el6:noarch","Fri Jun 23 14:24:03 2017"
"perl-Proc-ProcessTable:0.48:1.el6:x86_64","Fri Jun 23 14:24:03 2017"
"perl-Term-UI:0.20:131.el6_4:x86_64","Mon Oct 14 07:22:23 2013"
"perl-Test-Harness:3.17:131.el6_4:x86_64","Mon Oct 14 07:22:17 2013"
"perl-Test-Simple:0.92:131.el6_4:x86_64","Mon Oct 14 07:22:24 2013"
"perl-Time-HiRes:1.9721:131.el6_4:x86_64","Mon Oct 14 07:22:30 2013"
"perl-Time-Piece:1.15:131.el6_4:x86_64","Mon Oct 14 07:22:30 2013"
"perl-TimeDate:1.16:13.el6:noarch","Fri Jun 23 14:23:59 2017"
"perl-URI:1.40:2.el6:noarch","Mon Oct 14 07:10:54 2013"
"perl-XML-DOM:1.44:7.el6:noarch","Fri Jun 23 14:23:54 2017"
"perl-XML-Dumper:0.81:6.el6:noarch","Mon Oct 14 07:12:56 2013"
"perl-XML-Grove:0.46alpha:40.el6:noarch","Mon Oct 14 07:12:48 2013"
"perl-XML-Parser:2.36:7.el6:x86_64","Mon Oct 14 07:11:16 2013"
"perl-XML-RegExp:0.03:7.el6:noarch","Fri Jun 23 14:23:54 2017"
"perl-XML-Twig:3.34:1.el6:noarch","Mon Oct 14 07:12:48 2013"
"perl-YAML-Syck:1.07:4.el6:x86_64","Fri Jun 23 14:23:54 2017"
"perl-core:5.10.1:131.el6_4:x86_64","Mon Oct 14 07:24:14 2013"
"perl-devel:5.10.1:131.el6_4:x86_64","Mon Oct 14 07:22:17 2013"
"perl-libs:5.10.1:131.el6_4:x86_64","Mon Oct 14 07:22:12 2013"
"perl-libwww-perl:5.833:2.el6:noarch","Mon Oct 14 07:11:16 2013"
"perl-libxml-perl:0.08:10.el6:noarch","Mon Oct 14 07:11:16 2013"
"perl-parent:0.221:131.el6_4:x86_64","Mon Oct 14 07:22:30 2013"
"perl-version:0.77:131.el6_4:x86_64","Mon Oct 14 07:22:12 2013"
"perl:5.10.1:131.el6_4:x86_64","Mon Oct 14 07:22:16 2013"
"pexpect:2.3:6.el6:noarch","Mon Oct 14 07:11:36 2013"
"phonon-backend-gstreamer:4.6.2:26.el6_4:x86_64","Mon Oct 14 07:23:20 2013"
"pinentry:0.7.6:6.el6:x86_64","Mon Oct 14 07:11:19 2013"
"pinfo:0.6.9:12.el6:x86_64","Mon Oct 14 07:12:48 2013"
"pixman:0.26.2:5.el6_4:x86_64","Mon Oct 14 07:24:23 2013"
"pkgconfig:0.23:9.1.el6:x86_64","Mon Oct 14 07:10:49 2013"
"plymouth-core-libs:0.8.3:27.el6.centos:x86_64","Mon Oct 14 07:22:52 2013"
"plymouth-scripts:0.8.3:27.el6.centos:x86_64","Mon Oct 14 07:22:37 2013"
"plymouth:0.8.3:27.el6.centos:x86_64","Mon Oct 14 07:22:59 2013"
"pm-utils:1.2.5:10.el6:x86_64","Mon Oct 14 07:22:50 2013"
"policycoreutils:2.0.83:19.30.el6:x86_64","Mon Oct 14 07:22:53 2013"
"polkit:0.96:5.el6_4:x86_64","Mon Oct 14 07:22:41 2013"
"poppler-data:0.4.0:1.el6:noarch","Mon Oct 14 07:10:35 2013"
"poppler-utils:0.12.4:3.el6_0.1:x86_64","Mon Oct 14 07:11:07 2013"
"poppler:0.12.4:3.el6_0.1:x86_64","Mon Oct 14 07:11:06 2013"
"popt:1.13:7.el6:x86_64","Mon Oct 14 07:10:44 2013"
"portreserve:0.0.4:9.el6:x86_64","Mon Oct 14 07:22:49 2013"
"powertop:1.11:6.el6:x86_64","Mon Oct 14 07:12:58 2013"
"ppl:0.10.2:11.el6:x86_64","Mon Nov  4 10:46:15 2013"
"prelink:0.4.6:3.1.el6_4:x86_64","Mon Oct 14 07:24:09 2013"
"procps:3.2.8:25.el6:x86_64","Mon Oct 14 07:22:22 2013"
"psacct:6.3.2:63.el6_3.3:x86_64","Mon Oct 14 07:24:14 2013"
"psmisc:22.6:15.el6_0.1:x86_64","Mon Oct 14 07:10:50 2013"
"pth:2.0.7:9.3.el6:x86_64","Mon Oct 14 07:11:06 2013"
"pulseaudio-libs:0.9.21:14.el6_3:x86_64","Mon Oct 14 07:23:16 2013"
"pyOpenSSL:0.10:2.el6:x86_64","Mon Oct 14 07:11:29 2013"
"pycairo:1.8.6:2.1.el6:x86_64","Mon Oct 14 07:11:40 2013"
"pygpgme:0.1:18.20090824bzr68.el6:x86_64","Mon Oct 14 07:11:30 2013"
"pytalloc:2.0.7:2.el6:x86_64","Mon Oct 14 07:22:39 2013"
"python-babel:0.9.4:5.1.el6:noarch","Tue Apr  1 14:45:17 2014"
"python-crypto:2.0.1:22.el6:x86_64","Mon Oct 14 07:11:35 2013"
"python-dateutil:1.4.1:6.el6:noarch","Mon Oct 14 07:11:35 2013"
"python-ethtool:0.6:3.el6:x86_64","Mon Oct 14 07:24:13 2013"
"python-iniparse:0.3.1:2.1.el6:noarch","Mon Oct 14 07:11:30 2013"
"python-iwlib:0.1:1.2.el6:x86_64","Mon Oct 14 07:12:01 2013"
"python-jinja2:2.2.1:1.el6:x86_64","Tue Apr  1 14:45:17 2014"
"python-kerberos:1.1:6.2.el6:x86_64","Mon Oct 14 07:11:31 2013"
"python-krbV:1.0.90:3.el6:x86_64","Mon Oct 14 07:22:39 2013"
"python-ldap:2.3.10:1.el6:x86_64","Mon Oct 14 07:11:30 2013"
"python-libs:2.6.6:37.el6_4:x86_64","Mon Oct 14 07:22:35 2013"
"python-lxml:2.2.3:1.1.el6:x86_64","Mon Oct 14 07:11:34 2013"
"python-matplotlib:0.99.1.2:1.el6:x86_64","Mon Oct 14 07:11:42 2013"
"python-msgpack:0.1.13:3.el6:x86_64","Tue Apr  1 14:45:14 2014"
"python-netaddr:0.7.5:4.el6:noarch","Mon Oct 14 07:11:34 2013"
"python-nose:0.10.4:3.1.el6:noarch","Mon Oct 14 07:11:36 2013"
"python-nss:0.13:1.el6:x86_64","Mon Oct 14 07:22:49 2013"
"python-paramiko:1.7.5:2.1.el6:noarch","Mon Oct 14 07:11:36 2013"
"python-pycurl:7.19.0:8.el6:x86_64","Mon Oct 14 07:11:29 2013"
"python-setuptools:0.6.10:3.el6:noarch","Mon Oct 14 07:11:36 2013"
"python-suds:0.4.1:3.el6:noarch","Mon Oct 14 07:11:36 2013"
"python-urlgrabber:3.9.1:8.el6:noarch","Mon Oct 14 07:11:29 2013"
"python-zmq:2.2.0.1:1.el6:x86_64","Tue Apr  1 14:45:18 2014"
"python:2.6.6:37.el6_4:x86_64","Mon Oct 14 07:22:35 2013"
"pytz:2010h:2.el6:noarch","Mon Oct 14 07:11:35 2013"
"ql2100-firmware:1.19.38:3.1.el6:noarch","Mon Oct 14 07:12:59 2013"
"ql2200-firmware:2.02.08:3.1.el6:noarch","Mon Oct 14 07:12:59 2013"
"ql23xx-firmware:3.03.27:3.1.el6:noarch","Mon Oct 14 07:12:59 2013"
"ql2400-firmware:5.08.00:1.el6:noarch","Mon Oct 14 07:24:27 2013"
"ql2500-firmware:5.08.00:1.el6:noarch","Mon Oct 14 07:24:27 2013"
"qpid-cpp-client-ssl:0.14:22.el6_3:x86_64","Mon Oct 14 07:22:59 2013"
"qpid-cpp-client:0.14:22.el6_3:x86_64","Mon Oct 14 07:22:55 2013"
"qpid-cpp-server-ssl:0.14:22.el6_3:x86_64","Mon Oct 14 07:24:06 2013"
"qpid-cpp-server:0.14:22.el6_3:x86_64","Mon Oct 14 07:22:57 2013"
"qpid-qmf:0.14:14.el6_3:x86_64","Mon Oct 14 07:24:06 2013"
"qt-sqlite:4.6.2:26.el6_4:x86_64","Mon Oct 14 07:22:39 2013"
"qt-x11:4.6.2:26.el6_4:x86_64","Mon Oct 14 07:23:20 2013"
"qt3:3.3.8b:30.el6:x86_64","Mon Oct 14 07:11:40 2013"
"qt:4.6.2:26.el6_4:x86_64","Mon Oct 14 07:22:36 2013"
"quota:3.17:18.el6:x86_64","Mon Oct 14 07:24:08 2013"
"rcs:5.7:37.el6:x86_64","Mon Nov  4 10:46:36 2013"
"rdate:1.4:16.el6:x86_64","Mon Oct 14 07:12:59 2013"
"readahead:1.5.6:1.el6:x86_64","Mon Oct 14 07:12:40 2013"
"readline:6.0:4.el6:x86_64","Mon Oct 14 07:22:17 2013"
"redhat-logos:60.0.14:12.el6.centos:noarch","Mon Oct 14 07:22:38 2013"
"redhat-rpm-config:9.0.3:42.el6:noarch","Mon Nov  4 10:46:37 2013"
"regexp:1.5:4.4.el6:x86_64","Fri Jun 23 14:23:49 2017"
"rfkill:0.3:4.el6:x86_64","Mon Oct 14 07:12:58 2013"
"rhino:1.7:0.7.r2.2.el6:noarch","Mon Oct 14 07:11:12 2013"
"ricci:0.16.2:63.el6:x86_64","Mon Oct 14 07:23:04 2013"
"rng-tools:2:13.el6_2:x86_64","Mon Oct 14 07:24:08 2013"
"rootfiles:8.1:6.1.el6:noarch","Mon Oct 14 07:13:00 2013"
"rpcbind:0.2.0:11.el6:x86_64","Mon Oct 14 07:22:37 2013"
"rpm-build:4.8.0:32.el6:x86_64","Mon Nov  4 10:46:36 2013"
"rpm-libs:4.8.0:32.el6:x86_64","Mon Oct 14 07:22:43 2013"
"rpm-python:4.8.0:32.el6:x86_64","Mon Oct 14 07:22:44 2013"
"rpm:4.8.0:32.el6:x86_64","Mon Oct 14 07:22:43 2013"
"rrdtool-perl:1.3.8:10.el6:x86_64","Fri Jun 23 14:23:37 2017"
"rrdtool:1.3.8:10.el6:x86_64","Fri Jun 23 14:23:37 2017"
"rsync:3.0.6:9.el6_4.1:x86_64","Mon Nov  4 08:01:29 2013"
"rsyslog:5.8.10:7.el6_4:x86_64","Mon Oct 14 07:24:08 2013"
"rt61pci-firmware:1.2:7.el6:noarch","Mon Oct 14 07:12:59 2013"
"rt73usb-firmware:1.8:7.el6:noarch","Mon Oct 14 07:12:59 2013"
"ruby-irb:1.8.7.352:12.el6_4:x86_64","Mon Oct 14 07:24:10 2013"
"ruby-libs:1.8.7.352:12.el6_4:x86_64","Mon Oct 14 07:22:41 2013"
"ruby:1.8.7.352:12.el6_4:x86_64","Mon Oct 14 07:22:41 2013"
"salt-minion:2014.1.0:1.el6:noarch","Tue Apr  1 14:45:20 2014"
"salt:2014.1.0:1.el6:noarch","Tue Apr  1 14:45:20 2014"
"samba-client:3.6.9:151.el6_4.1:x86_64","Mon Oct 14 07:24:04 2013"
"samba-common:3.6.9:151.el6_4.1:x86_64","Mon Oct 14 07:23:09 2013"
"samba-winbind-clients:3.6.9:151.el6_4.1:x86_64","Mon Oct 14 07:23:07 2013"
"samba-winbind:3.6.9:151.el6_4.1:x86_64","Mon Oct 14 07:23:09 2013"
"samba4-libs:4.0.0:55.el6.rc4:x86_64","Mon Oct 14 07:22:47 2013"
"screen:4.0.3:16.el6:x86_64","Fri Oct 18 07:21:55 2013"
"sed:4.2.1:10.el6:x86_64","Mon Oct 14 07:22:12 2013"
"seekwatcher:0.12:5.el6:noarch","Mon Oct 14 07:12:46 2013"
"selinux-policy-targeted:3.7.19:195.el6_4.18:noarch","Mon Nov  4 08:00:48 2013"
"selinux-policy:3.7.19:195.el6_4.18:noarch","Mon Nov  4 08:00:46 2013"
"setserial:2.17:25.el6:x86_64","Mon Oct 14 07:12:58 2013"
"setup:2.8.14:20.el6_4.1:noarch","Mon Oct 14 07:21:57 2013"
"setuptool:1.19.9:3.el6:x86_64","Mon Oct 14 07:12:38 2013"
"sg3_utils-libs:1.28:4.el6:x86_64","Mon Oct 14 07:11:43 2013"
"sg3_utils:1.28:4.el6:x86_64","Mon Oct 14 07:11:43 2013"
"sgpio:1.2.0.10:5.el6:x86_64","Mon Oct 14 07:11:26 2013"
"shadow-utils:4.1.4.2:13.el6:x86_64","Mon Oct 14 07:10:46 2013"
"shared-mime-info:0.70:6.el6:x86_64","Fri Jun 23 14:23:27 2017"
"sigar:1.6.5:0.4.git58097d9.el6:x86_64","Mon Oct 14 07:10:47 2013"
"sinjdoc:0.5:9.1.el6:x86_64","Fri Jun 23 14:23:47 2017"
"slang:2.2.1:1.el6:x86_64","Mon Oct 14 07:11:06 2013"
"slf4j:1.5.8:8.el6:noarch","Fri Jun 23 14:23:41 2017"
"smartmontools:5.43:1.el6:x86_64","Mon Oct 14 07:24:07 2013"
"sos:2.2:38.el6.centos.2:noarch","Mon Oct 14 07:22:45 2013"
"sqlite:3.6.20:1.el6:x86_64","Mon Oct 14 07:10:46 2013"
"sshpass:1.05:1.el6:x86_64","Tue Apr  1 14:45:13 2014"
"sssd-client:1.9.2:82.10.el6_4:x86_64","Mon Oct 14 07:22:42 2013"
"sssd:1.9.2:82.10.el6_4:x86_64","Mon Oct 14 07:23:12 2013"
"strace:4.5.19:1.17.el6:x86_64","Mon Oct 14 07:24:23 2013"
"subversion:1.6.11:9.el6_4:x86_64","Mon Nov  4 10:46:33 2013"
"sudo:1.8.6p3:7.el6:x86_64","Mon Oct 14 07:24:10 2013"
"swig:1.3.40:6.el6:x86_64","Mon Nov  4 10:46:36 2013"
"system-config-firewall-base:1.2.27:5.el6:noarch","Mon Oct 14 07:11:30 2013"
"system-config-firewall-tui:1.2.27:5.el6:noarch","Mon Oct 14 07:12:47 2013"
"system-config-network-tui:1.6.0.el6.2:1.el6:noarch","Mon Oct 14 07:12:20 2013"
"systemtap-client:1.8:7.el6:x86_64","Mon Nov  4 10:46:33 2013"
"systemtap-devel:1.8:7.el6:x86_64","Mon Nov  4 10:46:31 2013"
"systemtap-runtime:1.8:7.el6:x86_64","Mon Oct 14 07:24:06 2013"
"systemtap:1.8:7.el6:x86_64","Mon Nov  4 10:46:34 2013"
"sysvinit-tools:2.87:4.dsf.el6:x86_64","Mon Oct 14 07:10:50 2013"
"tar:1.23:11.el6:x86_64","Mon Oct 14 07:22:22 2013"
"tcp_wrappers-libs:7.6:57.el6:x86_64","Mon Oct 14 07:10:46 2013"
"tcp_wrappers:7.6:57.el6:x86_64","Mon Oct 14 07:11:17 2013"
"tcpdump:4.0.0:3.20090921gitdf3cb4.2.el6:x86_64","Mon Oct 14 07:24:13 2013"
"tcsh:6.17:24.el6:x86_64","Mon Oct 14 07:24:14 2013"
"telnet:0.17:47.el6_3.1:x86_64","Mon Oct 14 07:22:50 2013"
"theora-tools:1.1.0:2.el6:x86_64","Mon Oct 14 07:11:37 2013"
"time:1.7:37.1.el6:x86_64","Mon Oct 14 07:11:19 2013"
"tmpwatch:2.9.16:4.el6:x86_64","Mon Oct 14 07:11:16 2013"
"trace-cmd:1.0.5:10.el6:x86_64","Mon Oct 14 07:24:23 2013"
"traceroute:2.0.14:2.el6:x86_64","Mon Oct 14 07:12:58 2013"
"tzdata-java:2013g:1.el6:noarch","Fri Oct 18 07:11:45 2013"
"tzdata:2013g:1.el6:noarch","Fri Oct 18 07:11:29 2013"
"udev:147:2.46.el6:x86_64","Mon Oct 14 07:22:55 2013"
"unixODBC:2.2.14:14.el6:x86_64","Fri Jun 23 14:23:28 2017"
"unzip:6.0:1.el6:x86_64","Mon Oct 14 07:12:58 2013"
"upstart:0.6.5:12.el6_4.1:x86_64","Mon Oct 14 07:22:24 2013"
"urw-fonts:2.4:10.el6:noarch","Mon Oct 14 07:11:08 2013"
"usbutils:003:4.el6:x86_64","Mon Oct 14 07:12:49 2013"
"usermode:1.102:3.el6:x86_64","Mon Oct 14 07:11:50 2013"
"ustr:1.0.4:9.1.el6:x86_64","Mon Oct 14 07:11:26 2013"
"util-linux-ng:2.17.2:12.9.el6_4.3:x86_64","Mon Oct 14 07:22:54 2013"
"valgrind:3.8.1:3.2.el6:x86_64","Mon Oct 14 07:24:22 2013"
"vconfig:1.9:8.1.el6:x86_64","Mon Oct 14 07:12:58 2013"
"vim-common:7.2.411:1.8.el6:x86_64","Mon Oct 14 07:22:52 2013"
"vim-enhanced:7.2.411:1.8.el6:x86_64","Mon Oct 14 07:24:09 2013"
"vim-minimal:7.2.411:1.8.el6:x86_64","Mon Oct 14 07:22:26 2013"
"virt-what:1.11:1.2.el6:x86_64","Mon Oct 14 07:24:09 2013"
"vmware-tools-core:9.0.0:2:x86_64","Mon Oct 14 07:17:45 2013"
"vmware-tools-esx-nox:9.0.0:2:x86_64","Mon Oct 14 07:17:48 2013"
"vmware-tools-foundation:9.0.0:4:x86_64","Mon Oct 14 07:17:44 2013"
"vmware-tools-guestlib:9.0.0:3:x86_64","Mon Oct 14 07:17:44 2013"
"vmware-tools-libraries-nox:9.0.0:2:x86_64","Mon Oct 14 07:17:44 2013"
"vmware-tools-plugins-autoUpgrade:9.0.0:2:x86_64","Mon Oct 14 07:17:47 2013"
"vmware-tools-plugins-deployPkg:9.0.0:2:x86_64","Mon Oct 14 07:17:46 2013"
"vmware-tools-plugins-guestInfo:9.0.0:2:x86_64","Mon Oct 14 07:17:48 2013"
"vmware-tools-plugins-hgfsServer:9.0.0:2:x86_64","Mon Oct 14 07:17:46 2013"
"vmware-tools-plugins-powerOps:9.0.0:2:x86_64","Mon Oct 14 07:17:46 2013"
"vmware-tools-plugins-timeSync:9.0.0:2:x86_64","Mon Oct 14 07:17:46 2013"
"vmware-tools-plugins-vix:9.0.0:2:x86_64","Mon Oct 14 07:17:47 2013"
"vmware-tools-plugins-vmbackup:9.0.0:2:x86_64","Mon Oct 14 07:17:47 2013"
"vmware-tools-repo-RHEL6:9.0.0:2:x86_64","Mon Oct 14 07:17:17 2013"
"vmware-tools-services:9.0.0:3:x86_64","Mon Oct 14 07:17:45 2013"
"wget:1.12:1.8.el6:x86_64","Mon Oct 14 07:22:40 2013"
"which:2.19:6.el6:x86_64","Mon Oct 14 07:10:48 2013"
"wireless-tools:29:5.1.1.el6:x86_64","Mon Oct 14 07:12:01 2013"
"words:3.0:17.el6:noarch","Mon Oct 14 07:13:02 2013"
"wsdl4j:1.5.2:7.8.el6:noarch","Fri Jun 23 14:23:53 2017"
"xdg-utils:1.0.2:17.20091016cvs.el6:noarch","Mon Oct 14 07:11:17 2013"
"xml-common:0.6.3:32.el6:noarch","Mon Oct 14 07:10:35 2013"
"xml-commons-apis:1.3.04:3.6.el6:x86_64","Fri Jun 23 14:23:47 2017"
"xml-commons-resolver:1.1:4.18.el6:x86_64","Fri Jun 23 14:23:48 2017"
"xmlrpc-c-client:1.16.24:1209.1840.el6:x86_64","Mon Oct 14 07:22:42 2013"
"xmlrpc-c:1.16.24:1209.1840.el6:x86_64","Mon Oct 14 07:22:17 2013"
"xorg-x11-drv-ati-firmware:6.99.99:1.el6:noarch","Mon Oct 14 07:24:27 2013"
"xorg-x11-font-utils:7.2:11.el6:x86_64","Mon Oct 14 07:11:12 2013"
"xz-libs:4.999.9:0.3.beta.20091007git.el6:x86_64","Mon Oct 14 07:10:48 2013"
"xz-lzma-compat:4.999.9:0.3.beta.20091007git.el6:x86_64","Mon Oct 14 07:11:15 2013"
"xz:4.999.9:0.3.beta.20091007git.el6:x86_64","Mon Oct 14 07:10:54 2013"
"yajl:1.0.7:3.el6:x86_64","Mon Oct 14 07:11:43 2013"
"yp-tools:2.9:12.el6:x86_64","Mon Oct 14 07:12:01 2013"
"ypbind:1.20.4:30.el6:x86_64","Mon Oct 14 07:24:08 2013"
"yum-metadata-parser:1.1.2:16.el6:x86_64","Mon Oct 14 07:11:30 2013"
"yum-plugin-fastestmirror:1.1.30:14.el6:noarch","Mon Oct 14 07:22:44 2013"
"yum-plugin-security:1.1.30:14.el6:noarch","Mon Oct 14 07:24:09 2013"
"yum-utils:1.1.30:14.el6:noarch","Mon Oct 14 07:24:10 2013"
"yum:3.2.29:40.el6.centos:noarch","Mon Oct 14 07:22:45 2013"
"zd1211-firmware:1.4:4.el6:noarch","Mon Oct 14 07:12:59 2013"
"zeromq3:3.2.4:1.el6:x86_64","Tue Apr  1 14:45:17 2014"
"zip:3.0:1.el6:x86_64","Mon Oct 14 07:12:58 2013"
"zlib-devel:1.2.3:29.el6:x86_64","Mon Nov  4 10:56:14 2013"
"zlib:1.2.3:29.el6:x86_64","Mon Oct 14 07:22:10 2013"
